ID,Name,Type,URL,DateAdded
1,书签栏,folder,,2019-04-01T01:47:05.502544Z
2,其他书签,folder,,2019-04-01T01:47:05.50256Z
3,移动设备书签,folder,,2019-04-01T01:47:05.502561Z
6,Gmail,url,https://mail.google.com/mail/u/0/?ibxr=0#inbox,2020-12-18T05:48:09.276102Z
7,Youtube,folder,,2021-08-12T10:06:30.306706Z
8,荷兰井盖语录 - YouTube,url,https://www.youtube.com/watch?v=JjWJDjd8yqQ&list=PLRQ7rfhy3D6XF6JS7drELVCxTcREnd0Wx&index=1,2022-02-18T06:49:13.764278Z
9,偷井盖的河南人 - YouTube,url,https://www.youtube.com/watch?v=sgsBI_dTUdw,2022-02-18T06:50:16.946093Z
10,偷井盖咯。。。 - YouTube,url,https://www.youtube.com/shorts/JMayi4O7QIs,2022-02-18T06:51:07.630984Z
11,偷井盖 - YouTube,url,https://www.youtube.com/shorts/aMZgmxzMoXM,2022-02-18T06:51:54.29206Z
12,外网工具,folder,,2021-08-12T10:06:30.307706Z
13,2020_抛弃VPN，小白专属V2Ray搭建+客户端配置教程！搬瓦工如何搭建V2Ray完整教程！ - YouTube,url,https://www.youtube.com/watch?v=rPTzORHg5lQ,2020-08-12T11:06:19.385657Z
14,Dashboard,url,https://www.stressthem.to/dashboard,2020-08-08T06:45:31.35884Z
15,机场,url,https://panel.testred.xyz/auth/login,2020-11-06T15:03:09.821486Z
16,VertexCloud,url,https://vertexcloud.xyz/#/login,2021-07-16T10:55:41.994896Z
17,Surfhub,url,https://www.surfhub.net/#/dashboard,2021-07-16T12:45:54.557453Z
18,(2) 泄露参数 - SK / SKC - IQ+ 首席神Neverhax最新全套泄露参数自行公开 [ 国内55队老师 ] [ 国内11无敌 ] | 贞德游戏交流论坛 - 免费参数_破解脚本_翻译解读_免费资源分享平台_hvhbbs.com,url,https://hvhbbs.com/threads/4917/,2021-07-30T08:09:00.15176Z
19,PSU,url,https://www.psu.dev/?__cf_chl_jschl_tk__=pmd_3d38eb1570923630fc0d0827f0d3031b0736c8ea-1627625752-0-gqNtZGzNAg2jcnBszQjO,2021-07-30T06:16:53.791663Z
20,阿泽梯子加速器,url,https://azenb.cc/user,2021-10-06T11:16:47.255255Z
21,Text to ASCII Art Generator (TAAG),url,http://patorjk.com/software/taag/#p=display&f=Graffiti&t=Type%20Something%20,2021-11-19T16:21:59.020538Z
22,ASCII Generator,url,http://www.network-science.de/ascii/,2021-11-19T16:30:58.777247Z
23,云,url,https://xn--gmq396grzd.com/,2021-11-27T09:31:17.730796Z
24,产品,url,https://account.godaddy.com/products,2022-01-22T15:44:19.153127Z
25,Neverlose邮箱,url,http://mail.maoqiumail.com/roundcube/?_task=mail&_mbox=INBOX,2022-02-18T16:16:11.841921Z
26,Yello,folder,,2021-08-12T10:06:30.308585Z
27,"Watch JAV Online, Free JAV, Japanese Porn, Asian Sex Videos HPJAV",url,https://hpjav.tv/,2020-10-29T15:30:03.31947Z
28,AVMOO - Your online informative source for Japanese adult videos; manage your video collection and share your thoughts.,url,https://avmoo.site/,2020-10-29T15:23:22.424571Z
29,shuushuu：最高评分的图像,url,https://e-shuushuu.net/top.php,2020-12-30T07:39:35.315422Z
30,免費成人視頻 - XVIDEOS.COM,url,https://www.xvideos.com/,2020-12-31T10:35:48.296742Z
31,18Comic (禁漫天堂),url,https://xfjy5.xyz/,2020-12-31T13:04:12.337878Z
32,雜項,folder,,2021-08-12T10:06:30.308967Z
33,"JS加密,JS不可逆加密,JS混淆,JS混淆加密,JS压缩加密 - [JavaScript加密]",url,https://www.jsjiami.com/,2020-11-20T16:44:29.51344Z
34,(2) Mredoz's Anti Aim ++ | Onetap,url,https://www.onetap.com/threads/mredozs-anti-aim.31449/,2020-11-21T11:51:02.247797Z
35,（2）[信息]如何保护JS | Onetap,url,https://www.onetap.com/threads/info-how-to-secure-a-js.31486/#post-266247,2020-11-20T15:39:36.423161Z
36,石家庄中考网_2020石家庄中考分数线_石家庄中考时间_石家庄中考成绩查询,url,http://sjz.zhongkao.com/,2020-11-06T14:46:38.927096Z
37,JavaScript Obfuscator Tool,url,https://obfuscator.io/,2020-08-05T03:00:38.506689Z
38,Panzoid,url,https://panzoid.com/,2020-12-20T13:34:20.35115Z
39,Unicode Text Converter,url,http://qaz.wtf/u/convert.cgi?text=SAD%21,2020-12-24T14:06:52.669118Z
40,在线动画 动漫下载 - AGE动漫,url,https://www.agefans.tv/,2020-07-20T09:06:00.067209Z
41,Counter-Strike: Global Offensive - Модели игроков - Склад SOURCE (HL2) - Модели игроков для CS:GO,url,http://gamer-lab.com/rus/source/Modeli_igrokov/Counter-Strike-Global_Offensive,2021-08-05T13:30:04.229543Z
42,皮肤 [反恐精英：全球攻势] [模组],url,https://gamebanana.com/mods/cats/7370,2021-06-13T11:16:02.17504Z
43,LUA版本,url,https://gitee.com/a2971853725/sss/blob/master/Config.txt,2021-09-08T05:08:35.347557Z
44,学习.,folder,,2021-08-12T10:06:30.309928Z
45,吾爱破解 - LCG - LSG|安卓破解|病毒分析|www.52pojie.cn,url,https://www.52pojie.cn/,2021-01-07T13:29:16.228575Z
46,精易论坛——专业易语言编程学习交流论坛,url,https://bbs.125.la/,2021-01-07T13:33:08.527558Z
47,"Bannersnack - Online Banner Maker, Design & Create banners",url,https://app.bannersnack.com/banner-creator/new/,2021-01-26T23:25:35.236059Z
48,BridgeDB,url,https://bridges.torproject.org/bridges?transport=obfs4,2021-08-23T15:06:42.133244Z
49,账号购买,folder,,2021-08-12T10:06:30.310252Z
50,购买商品 - 小飞象小店,url,https://977faka.cn/,2020-04-29T15:49:12.255671Z
51,69低价平台,url,http://69k.33ka.cn/front/main.htm?skin=frontoutside_skin3&state=61f146bf9457c455bd16d6a469ba7a6fd30f754a414ff79d46e4b7aad3cc7c76cd3567b9e8eac45edf1b96fec9c1079824a05f8bafa43b4e774e05415bb5162a&time=2020-05-02+20%3A42%3A25&content=,2020-05-02T12:43:13.403446Z
52,熊猫/CSGO黑号/CSGO黑号购买/CSGO摇头黑/RUST黑号/PUBG黑号/ARK黑号/GTA5黑号/彩虹六号R6黑号,url,http://www.xiongmaofk.cn/,2020-04-25T16:56:49.121589Z
53,CS:GO/CSGO黑号/战地5/PUBG/GTA5--CS-GO发卡网-绝地求生黑号,url,http://www.hmwdk.com/,2020-04-25T15:11:21.556499Z
54,新版奇游账号管理平台,url,http://qiyou.itblog.wang:8005/#/,2020-10-17T04:27:35.049408Z
55,Aze/csgo黑号csgo账号csgo定级无冷却号csgo排位号csgo国际国服白号csgo摇头号 - Aze/csgo黑号csgo账号csgo定级无冷却号csgo排位号csgo国际国服白号csgo摇头号csgo工具onetap/gamesense/aimware/承接续费,url,https://www.hxznb.com/?btwaf=36921712,2021-02-19T08:46:01.676088Z
56,Discord,url,https://discord.com/channels/@me,2021-08-13T13:12:55.601941Z
57,辅助,folder,,2021-12-17T16:26:54.66977Z
58,【新提醒】单机游戏辅助_网游辅助_96辅助游戏论坛,url,https://www.steamcom.cn/forum-50-1.html,2021-12-17T16:26:31.964571Z
59,Download - SWAN,url,https://panel.owswan.co/client/download,2021-10-05T08:20:42.814004Z
60,LUA скрипт - {Neverlose}Nasa.lua Source | Игровой форум YouGame.Biz,url,https://yougame.biz/threads/230269/,2021-10-29T16:36:08.557642Z
61,VanityCheats - Best Premium & Undetected Legit CS:GO Cheat,url,https://vanitycheats.xyz/,2021-12-28T15:26:33.270049Z
62,欣萌-Consmic云平台,url,https://www.52xmyz.cn/admin/index.html#/users/user,2021-11-03T11:18:50.674303Z
63,pUnknown Community,url,https://punknown.net/,2022-02-22T16:04:39.034401Z
64,卡盟,folder,,2022-02-12T09:33:09.799696Z
68,CF黑号 | 低价,url,https://117118.top/links/8F6CB331?go=1,2022-02-14T21:40:19.046509Z
69,在线充值 - 米云接码平台,url,http://h5.miyun.pro/zaixianchongzhi.html,2022-02-17T08:44:45.562053Z
73,小新租号 - 恒有米-每日0点到账-全网最低费率,url,https://kav5.tongzhuwang.cn/links/F4E71875,2022-02-18T11:39:45.193151Z
74,彩虹老店 4,url,http://www.chldkj.vip/,2022-02-19T09:25:54.833723Z
75,用户登录-樱花***,url,http://yinghua.66mks.com/login.html,2022-02-19T13:06:47.003193Z
76,Vniao,url,https://lgtyc.top/vniao/AA104300,2022-02-24T08:51:28.864943Z
77,法外狂徒 -,url,https://caomei521.astys.cn/?cid=2,2022-02-26T09:26:49.614573Z
78,https://www.netflix.com,url,https://www.netflix.com/,2022-02-24T10:21:24.029278Z
79,HvH,folder,,2022-03-06T14:57:32.964837Z
80,matchclub.xyz Host 1v1/2v2/5v5 CS:GO Custom Lobbies,url,https://matchclub.xyz/auth,2022-03-06T14:57:35.319382Z
84,美丽的汤4·PyPI,url,https://pypi.org/project/beautifulsoup4/,2022-03-14T17:16:55.160768Z
88,【新提醒】小栗子机器人社区 - Powered by Discuz!,url,https://bbs.xiaolz.cn/,2022-03-20T17:00:58.920261Z
91,Music,folder,,2022-03-23T14:24:37.896769Z
92,VIP会员付费音乐解析下载网,url,http://music.zhuolin.wang/,2022-03-23T14:24:42.319607Z
94,9528企业云系统 - 专业的商品销售技术服务商,url,https://www.9528fa.cn/,2022-03-28T09:57:18.205057Z
96,阿泽梯子加速器,url,https://azetz.cc/user,2022-03-28T12:28:47.795924Z
97,账号,folder,,2022-03-28T13:02:42.728794Z
98,查id,url,https://steamdb.info/,2022-03-28T13:03:16.777792Z
99,ClashAP - SHOP - 9528企业云系统,url,https://www.9528fa.cn//links/626A1544,2022-03-28T13:11:52.226687Z
101,Monolith,url,https://monolith.club/index.php,2022-03-31T07:45:35.737357Z
103,下载网盘,url,http://xzwp.vip/,2022-04-03T09:33:19.973462Z
105,steam,folder,,2022-04-13T08:28:27.208443Z
106,GIF Maker - Create GIFs from Videos or Images | Giphy,url,https://giphy.com/create/gifmaker,2022-04-13T08:28:38.288206Z
