TargetPath,Url,TotalBytes,StartTime,EndTime,MimeType
C:\Users\Administrator\Downloads\QQ9.5.8.28186.exe,https://im.qq.com/pcqq,182341704,2022-03-08T15:44:18.095304Z,2022-03-08T15:44:21.593122Z,application/octet-stream
C:\Users\Administrator\Downloads\winrar-x64-611.exe,https://www.win-rar.com/postdownload.html,3473784,2022-03-08T15:47:42.206668Z,1601-01-01T00:00:00Z,application/octet-stream
C:\Users\Administrator\Downloads\winrar-x64-610scp.exe,http://www.winrar.com.cn/download-61064scp.html,3607096,2022-03-08T15:48:06.976182Z,2022-03-08T15:48:08.134846Z,application/octet-stream
C:\Users\Administrator\Downloads\kxdrv3552-pro.exe,https://www.kxproject.com/download/kxdrv3552-pro.html,14639784,2022-03-08T15:55:23.561144Z,2022-03-08T15:55:24.63454Z,application/octet-stream
C:\Users\Administrator\Downloads\baofeng.zip,https://developer.lanzoug.com/file/?CG5Uagg5BjcIAVdvU2ZWOlVqBj5TbgBjA2taOlZvAG9UM1MqDSoDPgQiBnYFNwZuBzEPbwMDCmEGZVRvVT9QYgg6VDAIbAZnCGxXNFMhVjFVfAY+Uz0AMwM9WmVWPgAwVGdTPQ12AycEIgZtBWMGNwdvDzgDcwo4BjNUfVU7UGQIJ1QyCGwGMwhqVzRTZVZuVTkGYVM+ADQDPVo9VjwAZFQ1U2INZgMxBGIGZwVgBjMHaQ9pA20KPgYwVDdVb1BpCDxULQgvBjsILlcnU3JWJFVqBnFTZQBmAzlabVY6ADhUYFMxDWcDZgR0BiQFOAZqBzgPbANhCjkGN1RmVT9QZgg9VDUIYQZnCGlXL1MpVnFVaQZvU3sAPwM1WmpWPgA3VGNTMQ1lA2MEYAZlBXcGcgctD30DYQo5BjdUZlU8UGYIMVQxCGUGawhpVydTclY+VX8GPlM9ADMDPVpyVjgANFRlUyoNYgNlBGUGfgVjBjUHbQ==,11994139,2022-03-08T16:04:18.261381Z,2022-03-08T16:04:20.116436Z,application/octet-stream
C:\Users\Administrator\Downloads\HWIDGen_62.01.rar,http://xz.w10a.com/small/HWIDGen_62.01.rar,798444,2022-03-08T16:05:00.076157Z,2022-03-08T16:05:00.537733Z,application/octet-stream
C:\Users\Administrator\Downloads\KMSAuto_Net.rar,http://xz.w10a.com/jhgj/KMSAuto_Net.rar,3572277,2022-03-08T16:06:06.930509Z,2022-03-08T16:06:07.314624Z,application/octet-stream
C:\Users\Administrator\Downloads\win10yh_jb51.rar,https://dyy1.jb51.net/202012/tools/win10yh_jb51.rar,47602,2022-03-08T16:07:52.774749Z,2022-03-08T16:07:52.902746Z,application/x-rar-compressed
C:\Users\Administrator\Downloads\lghub_installer.exe,https://www.logitechg.com.cn/zh-cn/innovation/g-hub.html,41445952,2022-03-08T16:18:15.826933Z,2022-03-08T16:18:20.901696Z,application/octet-stream
C:\Users\Administrator\Downloads\VSCodeUserSetup-x64-1.65.1.exe,https://code.visualstudio.com/docs/?dv=win,75726792,2022-03-09T10:11:15.309498Z,2022-03-09T10:11:18.552989Z,application/octet-stream
C:\Users\Administrator\Downloads\vEMhcqrxnpI7.exe,https://gamesense.pub/forums/profile.php?section=premium&id=12420,7674880,2022-03-09T11:50:37.367022Z,2022-03-09T11:50:39.598561Z,application/x-dosexec
C:\Users\Administrator\Downloads\彩虹六号-UM.txt,https://developer.lanzoug.com/file/?BGJQbgg5V2ZTWgszCz4AbFRrDjYCuAG+Uf9XuVyZUOhTtgHTAPBT4gLbULELcl0JV0AHLF90USsEd1FxBjwHbwRoUGIICldqU2ELYAtqADlUPA45AmkBN1FjV2dcJlA3UyABawBuUzcCclB2Cy9dYVc/BzJfMlFiBCxRZgZoBykENVAyCHpXMFMwCzkLPgBiVG8OOQI8AWVRYFcyXGRQY1NlAW8AZVM2AjBQZQtsXWtXPgc6XzFRZwRmUWcGagdjBDRQZAhkVy1TcQslCysAJ1R7DngCOAFxUT9XNVw9UGBTYwFlAGhTNwJtUDcLeV0oV2QHb19lUTUEPlFmBmwHMgQyUD8IbFc1UzELaAtvAC9UIA4tAjsBb1EhV2xcMVBnU2cBYABlUz4CZlAxC2hdbVcrB3dfcFEkBD5RZgZsBzUEPVAyCGBXO1MzC28LawAnVHsOYgItAT5RZ1dgXDlQf1NhAWMAbFMpAmZQNAtoXXJXPwcwXzA=,30,2022-03-10T06:57:32.535411Z,2022-03-10T06:57:32.754181Z,application/octet-stream
C:\Users\Administrator\Downloads\UM.zip,https://developer.lanzoug.com/file/?BGIBP11sAjMACQY+ATRTPwA/ADhfVQdIUXhaJldiB3YAJlBhDTkAOFJhV14DPgVgAWYDMFE6ADIHOQE+UTlSYAQyAXBdZgIlAGsGYwFiU2UAbAA3XzcHNVFkWnpXewd2AD1QNQ1gAGZSNlcuA2cFNwF0AzZROQAtBzIBNFE/UjUEZQFvXTMCZQAyBmMBMFNnAGsAZ19kBzdRblpqVz4HMAAyUDANMgBlUjdXNgNnBWIBagNnUTkANgcuAX1RZFIjBCIBI11zAjMAJAY5ATFTbwBvADxfMAc0UW9ablctB3IAaVBqDTUAMlI5VzADYQUwAW0DPlE3ADQHNAExUTxSfQQqAXBdZgI6ACEGbQFkU2QAbgAzXzgHPFFkWmVXPgc2ACZQcg0gACNSOVcwA2EFMAFtAzBROgA2BzUBMVE7UnUEcQE/XXACawBnBmEBbFN8AGgAMF8xBytRZFpuVzwHKAAyUDUNYA==,37762702,2022-03-10T06:57:43.002959Z,2022-03-10T06:57:44.250262Z,application/octet-stream
C:\Users\Administrator\Downloads\message.txt,https://cdn.discordapp.com/attachments/931211576063700992/934843020694650890/message.txt,22224,2022-03-10T12:57:57.178263Z,2022-03-10T12:57:57.38973Z,text/plain
C:\Users\Administrator\Downloads\obj_wo3DlMOGwrbDjj7DisKw_11801521694_e8eb_8e5b_a794_4dad1969055b217c511a77dfa4a49866.mp3,https://m701.music.126.net/20220310214450/8465c3034cc1b1165a7a6e15f8805582/jdymusic/obj/wo3DlMOGwrbDjj7DisKw/11801521694/e8eb/8e5b/a794/4dad1969055b217c511a77dfa4a49866.mp3,1714512,2022-03-10T13:19:56.104385Z,2022-03-10T13:19:56.276107Z,audio/mpeg
C:\Users\Administrator\Desktop\下载.jfif,"data:image/jpeg;base64,/9j/4AAQSkZJRgABAQAAAQABAAD/2wCEAAoHCBYVFRgWFhYZGBgaHBweHBwcHB4aIR4eHCMlHiQhJCEcIS4lHB4rHyMcJjgmKy8xNTU1ISQ7QDs0Py40NTEBDAwMBgYGEAYGEDEdFh0xMTExMTExMTExMTExMTExMTExMTExMTExMTExMTExMTExMTExMTExMTExMTExMTExMf/AABEIAOEA4AMBIgACEQEDEQH/xAAcAAABBQEBAQAAAAAAAAAAAAAHAAMEBQYCAQj/xABDEAACAAMEBgcGAwgBBAMBAAABAgADEQQSITEFBkFRcYEHImGRobHBEzJSctHwQmLhFCMzgpKisvHCNFNz0iRD4hb/xAAUAQEAAAAAAAAAAAAAAAAAAAAA/8QAFBEBAAAAAAAAAAAAAAAAAAAAAP/aAAwDAQACEQMRAD8ALMKFCgPYbmJeBBjukKABfSXqx7FzNQURzj+Vvoc++MnoqwgBprgFEoaV94n3V5kY9gMEbpd0kKJKG0lz4gevhAttNvZ0CbASx7SQBU8hTv3wHFutbTHLsak/eA2CI8KFAKEBnwhQoBKKmFD1lWrfyv8A4mGYBRMslp9m6PjliOzFfKkQ4eXFKbq+h9DAdu15G/K4pwNR6LHsizFpTttRkPENVT43Yas+N5d6nvXrehi70NQy7QN8m9zUqfOAgaEmhZy3/dJutwfqnwNYkW6UUore8hdD/K1fJorGbr15Hy+kaTTqX0lzx/8AYiFvnTqP/wAICu05Mwl9sqX4AiGLDLq8g7Or4u0c6Yaplf8AiXwZh6RKsNL9mHyV/rJgIFvmG9T4Sw8vpBL6MtINcKNW7e6prlgKjvKnm0DK3vV2I2sx8Y2Op1tWVJvnZNFflIVW8GMB5rhZPZzpi0wV7w+SZnyBw5xkNG2j2U1S3ug3W+U9VvCsE/pAsl8S5vxAy2OzHFT/AFYwJ2XHHgYCXjImkjOW9P6TUHwgm9GttAnzpVcG6y8Af/VhAytJLFicyik/MhCHngx5xoOj22lLXLqczc/qFB40gPoiU1QI7hmzNhD0AoUKFAKG7TMCoSd0ORj9etOexkuVOPuj5j5kYnlACDX/AEl7a0ucaA3R/Lh5xlwMDD1rcl2J3/fjHCjqE9o9YDiFChQChQqwoB2zAV4hh4Q0i1w4nuFYkWbNfmA5GObB76dpA78PWAZh2WaVHPu/QmOHllQpIzFe408xCU4ju5f6gPZL3WB2A48NvhFvotbrTEP/AG5q8gCR5CKZ1oSDswPKLqyNgH3ypgPzKjKfC6ecBS51740WjZ3tLLNl/il/vE4ZOPJozixYaJtfspqtmu0b1bAjmtYBi3vUp2JT+5vrHqTrry2H4QngSYc0tY/ZuwGK1F071IvKea0iE5rTgID1sh97TFlZbbclXPix7mX6RVscuwQ6/wCD5a/3NAE/Rdq/a7A0o4uoovFOsvhhyMDO3jrnc2Pfn41i31Z0w0hqjHIsvxKM6fmAryJiots2+7MMiSRwJJ9YB2diA1cSDhuJX1YNHWhZ9yajj8LKe41huzyndHupeVApZvhALd/vHuhizGjCA+ptGzLyA9gPfE2M9qdavaWaU29B3ig86xoRAKEIUcudm3ygGLVOoKDA7936wD+knTPtJwlIRcTDDa5zPL6wUNbdLrZ5LvXGlAOOQ4k+sfPVrtBd2Ympx7zARTDg9w/MPIxxCrAKEwoabsIVIRMAoUSLMvUmk7EAHEuvpWI6ippAdSwT3j6Q7YWpMQ7mB7jHEj8fykj+UhvIGOlFH5/rAXumtHEI29Cp/lcU/wA1/ujOAQWTZFnSUYjB1KHsv4qeThTzgZaQsxlTCCMjt++XIwESY9TXbt5YQ/JtBCMlcCSe9Sp7xTujq1WNkbAEqQGU70bEH04gxFgEDDy4oae8hr/Kc+5qf1GGYeUFCpzDLUjepJUjwMBKtFp9pJX4kIU9qGt08iSvMRAZcB2j1I9IftMhpTEbCDQ/Epx8qHuhh3qB2CniT6wHkOXrxQbgq/ffDhspEoTDkXujkCT/AMYc0TJvzUGeI+sBFAIagwIPChHkYfSzMxqRTGnPyBi403o25MBAwYV4GpqPXnG3szyEeyyZiKUaTiCPxPTHj1c+2AoX0CJcmVPTFK3ZmNRj1SeBGHGMbPkGXMKHNWI7jSPoNLJZvZNZlugFTVL1TQ7ccd2MBTXCy+ztLg51WtNpKip76wBl6NXrZJXBh3M0bFcoH/RRNrZlG52Hfj6wQFgEzUiLbJ1xMc2w++USMzXYPPbGD6QdP+zQqh67gqnYDgW7suMBg+kPTxnzDLQ1WWSMPxPkTwGQ574wjyyMCKEesbrVnQt8PaXHUlqStdrgZ8BnxpujK6ZUB3A2EL/SKekBBK4qN4HnHFIlOlDJNPeUHib7D0EMFPe7D60gOSOqD2n0jyHafu+D/wCS/wD5htEJNBAdy2N1lG2hPBan6Q2MIlWKTfV86m6optLGvkpHOH9L6LaQ7Icbt3uYV/SAYChZlMlbydcPPwiPfxB4V5YRNtUmsmVMGYvI3I3l/tanKK8wBj1PIn2IJtF5QdoIxHPDyjL656OJInAe8KsNzA0ccnx/mMWXRZba+0l12B1Hapx/4xstN6JDhlC3lerpX4qUZOy8uX6QAt0SomyvdvTJBvBfjlt7y9tDX+qKbTthEtxdNUcB0O9Wyr25g9oi8/Z3sNoWYtShNUOV9DmOxqGhGwxC1keW04mWaoQCBsF7rEdgqSaQFMbKbiOcAxbuWg86xp00G0wIqjrfs15R+YG9TtwNOcM6VslxLOpzEsMfmcsx8xG50ZPlJaEF9KJKKZjcmHn3GAHjWUzZB+KV4oSadxqOa7oo0lG9Q7M4IlvsiSrcGTrS5hNQuOD4MKDOhNe6IGktXHlsXVQ1xqgm7R1zGFfeGRXaBhAQdYbCZNlsyEUZg7t/Ndp3Cgit1UWtpSo/EviaesXOumkfbrLe6VIQgqfwmvlhh2RX6joDaUr8Q8CD+sBrtb7KFkIfiAI+YY+ILRlNYrUzzEI2S0A4gY+Jgj682cGxJh7pTyp9YH1r0U6TReu9dA+00DDKgxrWsBY6lzmW0oWY5srVxqSDQE9uHdFTrw4NpmGuIbjE+Xo98CpN+qhNgLEgCgGVDjXfFNrc6G0TLnxY4Uq1OsR2XqmAJ3RFM/cuNzjxA+kExYFPQ+3UcfnQ+BgrLAVml7asmWSxoAKsdp7B2k+cBq0JN0hbCtKVNN4RF+nnxja636QqhfMAkIPifIvwUVA7cd0WOomr4kJecddwGbs/Ly86wHOlbAlnsZloMFS6OfVx41MAW3zL0xidrE95rB+6RLVcszkGh6tOTCPnxzVjxgJc0EypJGa317mvf8hHlqspVpnYxHiSPAQ9Y0vSmXapDj5SArf8TyMTrOyu9CcJip34IfEtAUiL1H7aEcVNPJo5s3vqdgYE8AYnJZaocwVehHzinmsazQ+hbMqS5jkuChZwwYAEbBdHWxrt2GApNEaImicURCzS2qRwwBoSN474u9Y7DMmNfeWUJQIaqwBNcMThnd2nCsWVmtNomuzWVKBQFY3UTAZDrAnxMKbrvMlMyTpYLKSGy2Z4CkBjbBJLS5sqhxUOu3rJUnvQt3RQshBpBNs2lLHaJqP/AAHUijEC6cdtMMcQa0wOcNad1LUKXQgC9VTmpByFfw44CuHbjAZnUrSBk2lHrgGo3ytgfryg9CTfQjdiD27IDNj1Tn+0R0lMVe62FaCuak7Ma07CIOejZF1FxyUA9tMvGsBkNM2GzlWlTSKvVwv4lbay0yBOPfAysWrcyfMKy0YpfIvEUAA3tlWmyPoSbZEc1ZQTvoIjNZZclOqAoGwAAQA3tGqMsut+azOKVQddiBhnsyzoBDk9LFZWvsEVqUuO987MbqhqHDxjy3zZ06Y1nsoMtASXfGtWxNWz5DHZkIHGldGzVmOhqSrEEnsOfPA84Agf/wBdZa0uIeCfUCJJ09YJwoyygT8SlPG7TxgdWXR0yU995RdUYAhgQpJGGI74s7HINqtPXREQK15UFAAoIrxqRjwgIWuHsxMIlgBbowV765g4GuXdDvR7LvWlexXPcpjPWyQVxaudByz9I2PRhKrPYj4G8WAgCNrmgFmVWGF5FPpyrGMn2tHtEwlloCqDHYopTt25b43+tdnEyQJe2Y6KDuxqTyAMU9l1bscpwFbrjMXxePLNf5aQEDRtmFS7CiojENU4Ha3IXscsduNBRpu1CZOdwKAsSBuGQHIUjb6+azqa2eQeoMHI/ERsrtA2naYHLGpgC10Ov/EHah8GguL6wEeiK00nMmxk8VP6mDahgBtoiR+3Wr2lP3MkgINhIy+v9MEdUCLwEVerWixZ5KIKYDE72OZ74nW+aFQk4CAFnStpIkJKBz6xHgO83jyECVgQcc/WNhrlbjMtMxhiRUL2bByUY8Yx6LiBvMB0swjEGmFPSniYfsk2hUbjgRnWo7/1iMsP2EVmJ8wPdj6QF9aZVZzquAmreUfm96nG+HXnGv6NNKAs0hjgwvoO38Q9eUDb9tdgKt7gqp3VIyPHHlErRGlHlz1mjBg97DLOpHDOANs+WlmtIbAJaMD2OuRpuIqO6MZ0i6uMZgmouD0DU2Ps4VAHMQR5Ly50pXqKMoo1cRexFCPKHPYNcuTD7Rae9QA07QMCdtR3QAK0doecjI6pUAmob3cMwa4UIw4mNDoHWR5LlHT9yx9zO4G2CuNOzyjYNZQhu+1vLsvpMDUyoaEXu6HtBapSzM9sxDkGqgIyKO3rYs3aYDU6GlrcBGK5qew4xZAQxY7NcW7Wor1QBSg2Dtpvh+AUNzpIcUPLjDkKArtH6ISUtBiSSzGlLzHM/psEZ7WHVu9M9qiBwwAdcATTIitATTAgkbI17EUoY4ecoU1yAx4Ur9YDCz7LfS4kh79KEuAgGFKlsv6axzorQiojqhR2Y0mOMFUfClAa03VGcaG0yZbGrBnxFAzOR7wHu1p3iG7TOuKd2wDACgGX3tEAEdbpCrPdEFFDsAN1Dd255RpOiVf3j/Ivi0ZnW2cXnY5lQ2G9qufONR0UYPMP5U8yfSAIGsNqCOlSAUSY4qQOtS6M/mMCfTOk3SU6lwxd1ZCprgASWG0E1A34tWH+kfTHtLSVBqssXOJzPjhyjI26SVVCc2B9ICK7kmpjqYtCezD0jgbOMel8+3/cBruje0lLUg31Xvy8aR9CWd6op3iPmDVu0+zno9aXXU8gcY+mdGvVB2QEjKgEZHX3TAkSSopeaoA8/Gg5xrJj3VJOcBzWec1ttnsVPVDBa7lGJPme6AyVqQpJaY/vTahflzY8z6RQqReXCmA/3Gk11mD2glp7qKFUDtpT+26IzUxusBuFO6sAkXqMe1fWFZzQk7lbxUj1j1D1H+ZP+UcIaA8PUQHaiiMd7KPBj9IaVqGsSWT90vaznuuL9YiwBY1L04/7LdGPs3p23WxHjeHMRrNF6SmOoYkAEZUyqCfSBTqJbwk32bmiTBcJ3H8J78OcFXRSFeqR7ta9+NOzMjlAX9mtBJF5cK0wPH6ARZB9w+/uvdFPK+nga/fCLVK/f394wDpbAnj4RWaEtLsi38aioO7siyps3x5KlBQABQAUEA5HDsRHceGAb+/T6Q3NQEEUwI8KH0Jh4r9/f3hCIgK17GdlPs/6iq0ul1GLbFYnu+/GNIE+/D6RS6yr+6ftWnfX6+EAAdYX/wDkPtoCv9KXfSLrVLSf7PInOPfIVU+YgmvAC8TwjM6Ye9Odt7Me8mNrqHodZiTXYYhLij51ILcaesBjNMPedSdqKeNRnErTwoEHzf5ERA0oxLAblC90daSn32DVBBvEAVwqxzGw/pAQ4TrQkQo8MA/ZHo4j6U1StV+zy2+JEPMDHxj5lQ0Ig+dF9tv2ZFOaFl5ZjzEBb656VEiQ1D1j1V4n6CMpqzof2clpz+/MwFfwqT9nlE63yjbLaEOMuV1j2k5A8SK8Is9Z39nJa7hdRzwoMPGkAD9O2i/aJj7LzMOAwXzWKd1Ip2iviR6RKtrZ7yfLHzI7o6t8q48tT8Esn+YXvWAjJ7jcV9frDcOovVPy+IYekeSZJYgUwrATLYhEmUOxq8Wdv/WK+LzScolMBkR/lMP0ilRDeAIzI84CZYZl0Oa06i95ZYLepOsSWlVR2pNUUP5wMK9ppn3wG0PVf+UeNfSH9GWko94Ei6pIIOIIGBw7YD6Zs9m/FW99+OZiXLP34QL9UekQG6loNDkH2H5t3HLhBMs1qRwGUjHaDgYCQDHkkvk4HzDI8vwns8Y6CxXaV0utnBZ0e4AOuAGGOGIBqO7bAWcKKOZrNJU0Z1U0BoxoaHLDOIs3WpDgnXrtAYqO0sFNBAaYiODhFBoHS06dMYMEMsLW+l4gk5AFs8KnLdGigG2Big1pcJKYkgUWvZ94mLPSuk0koWdgoGJJOVIDutetbWksEH7oVCrkXO89gxNOwVgMFOBZzxgx6h2a4rqRmklu9T9IEuipd98drKO8k+kF1NJS7MzVYL+6lDfit8UptOWHfSAHOtmhvZs7AggTHQihBWhqOwgrQ1EZeDfpyxSp1hd1xvLfrm3VN457c6/6gJzVoxHbAcQo9Y1JPaY5EB7BQ6JNIULoT8LgcMD/AMYGCCp7/KNLqHpD2VpQ1wJKng3607oA46r6OKS7zDrub79hOS8AKCKDpFnXbPNxxa6tfmap/tAjeKl1afeMC/pSm/ulA/FNJp2KpEAI5+L03Yc8z4xYacQi0kU90oP6VUekQ9HyS7j8zgd5gj2LU1rXaXmGqyr+Bpi1MOr2YZwGY1f1bmWliiLkzVc+6ARQjjgKAQVtB6g2eUovIHbazgHuGQjS6K0UlnQIiBQNg+8TFhAUE/VKzMMZMs/yAeUDbXPVFJTsZSXcAQKnAg457xj2XTBojOa2WQMl6laAtTeFzHEozjnABOfqo7XzKN8BUemTFHFa0yJBvAjsihWSyGuw3krxUxuLFpgWa0sJh6io61zqK31pxrQcYyWkLT7RZhAAHtFag2AhhTy7oCuRqKCM7x7gB9Y0Wr+tk+zUuP1aklWxXADu25RnApIpTt76D6RayNBuUV2KS1IwLuErjmBmRygDBq/0iSpgUTP3bH4sVPBtnOkbB3lz0INGVh2EEH0j50/ZJaDrWlMPgV3PkB4xb6F1pFlP7ubMbepVQh5XyRxGMAUX1ZAJusDQgUYXqqBQA1IxGw7thOMTZGh1Jo5W78OGPL0xik0VrbZrWoV2Mt/hvlCewMpF4dkXM/TdmsqE30XneY+bGA0MiSktaKAo7oodZNaJVmUgm85GCLme07h2wO9Yukt3JWQCi/EcWPAZL48oprPryyCgStcSS1CSd5K1PfAe6bt1qtrklHZR7qqrFRXgMTniY5bRj2azO0yS196qGJUBRyJYk02jZD514d1KhBjhizN2bTTwh61zC2j5rE//AGJhhQVVcgMBmcIDEWSYUa8PjGHCv3nE/SGmXnzAWGWAA3bv9eOcVAah5kx5KHWHGAJll0iVsyoZhRTUGi3zVhUgilTSqjDa53QN7YFvtdNRXA0pUbDTZhGzmOJUkAjJJY7Qzh3J5Ar3CMPM948TAeUwrCjsp1AdhJjynVr2+kByrUIO4xMkVlziNqsR/SYhoKkRdawSqOkwD+JLR/C6fEeMB9NufWA/0ozurKQbb7H+Yj9YL05qKTuUwL9edFtNmWdAOtMZ+XugcgPWAz2oGrH7Sys6kS0YknK8SBRRwpieAg4WazqihQAKDZhyiv1f0YlnlIiigUUHqeJMWsAoUKPCYD2K/TTgJeP4etuwGfhWLAGB/wBIumKJ7BTQv73y7sNpPkYARaz2pZk1mSt2pAB+Ee74YchFSoqp5eH+xF7ZNCNaJ13FVzdtirv8hFbb9GvLocSrVuMQQGAwqKwHGjZqoxviqsAMtl5W8btOcP2t2bruSWZSansyp2eAiEqE0peJGwjAbtsO2glTdN4YEGvHLZARXG3GPI6OIGGXjHqyWOQgPZMwgihjaWqWBoxHureaYatQVoL2Fc6YRj5dlaojezrOX0UMP4b/APIjyaAHTHGFHrihMeQEmyCpGdRU4chyjZ6Sa5YSl5XMxwaqbwAVQKEgUrUc6xjLACXA4+PGNtpuXc0bIUkVZy3Gt4+REBhrMl56cYmaBlXpqndV+NwF6c6QtB6OefNCIpZscBhl9iNrozUiZJdHdrtDUqgLtTAEYDbWm3CsBZGwPbUVAKEslc+ooSre8AaEMopkeEZDW3Vd7JMqKlDirHyPaIL+qdjVXci9QklQcAFJpShUEGq0xrgBSLfWDQyWmUyOtQfA7CO2A+ZHcXFXaC1edKescuOqvbe9B6RcayaCezTWRhwO9TkRFTcqUXfQd5/WAble8OMa3S0i/YbM4zUMh78PKMsqXXAOx6HkaGNxZEv6NmL/ANuaDywr5mAPEzI8IpXsyvakOBMtGPC+QAeNFaOJ2nSgpMQgHAMnXB5DrV/ljzV60iZNnOMr4QcEUd3WLQGgApChQoCitukX/aVkoLq3bzNStaGlBsHaTvFIu0SkR5dnHtGcgZADxJ9IlQELS1uWVLZ2NAAST2DGABpTTL2iczmvWau+lMgN1B4xsulfWAilnQ59Z6bvwj17oyuoOijPnq7YrL67cvdHf5QG30PoQiSko+/Oozn4UGzsoMOJhjW2S6WUpcW/LYAkAUuYgMoOQOCniY3eg7NW9MI940X5R9T5CGNbNCLaJLLkaYEbDnzHZACKVo68EKy0ZrgfqAXSAcmC7TU1oMMNmTlo1dm2mYglyWVQqi8RdFBgCTUg4Uyx7If0PanszhXATavUN40zGYwN0qa0G3dBX0IyMqstBeAa7sxyPZWAwNv6P0l2eqqXmLQk1NCBi3VrQCkbLRWqtmCBhJlioBrcBPeY0KIxrfVQMlAJOG81Ax7I7kywihRkBQdggICaFlDJFHBQIpNK6DDCZLeW7y5hVqpTAgAUzBGKgxrYUAGLd0ehjWWk8fOJdP8AMGIQ6Npvwt/Z/wC0HSgjy4NwgA3YNQyjAtJnPT4XlqPOsMa92Z1kJel+zVSERLwYigxJIwGQFOw74NIQbh3QLul2gRB+c+UBm+iqz1tJJ2IfEgesE/TMxkdKAAULBqXgLgYsCAQcrtIHHRV/Hc/k9RG5tU93YY09oWXEk3UN41ArdFEUGpBxaAvtXLOVQsSSTTGhGypIBxpeLRcMRQk5bYj6ODCWl81a6Lx7aYwrX1qJ8XvfIM+/BecBltYNCypkqa80VvC9XIqFBu03HbxYwHl0Q6WlEdbpDpWuO457zBj1x0kEULS8SQ134iD1V5tQ8FaMnYLNfDBzUuSWOd5mz37DQcdo90Bpp6VcnzPnY95qPAxsdWmDybYmwgMOZP6R3pXUyZPdnlLeFetU0BYYUUnE0pTPZmdnmjrFNssw+1RkWYiqSwwLVXaKjYYCutOkrSlx3dyReCY1u1oK1GBqCacI12r2nGQBy4JNK1bB+xifdfc3I7xda76Al3C6KFdiqCgFHLsAAwpiNtcxAr0po60WZ2VlKg7K1DDePiHbs2wH0Jo3SKTlqMDkQcCDuI2HzibAU1C0tMd/Z+2uuoql4E3lAxQmvu7aZjGkGDR9sExA2RyZTmpGYPaP12wEhBi3afQRG0rahLlsxNAAST2DGHbNPDlwKdR7v9qn1jEdKWl/Z2coD1nN3kMW9BzgBBpy2tabQ7n8TE8tg5DDlBa1M0OZFmRadeaQT2Vy/pWp4gwOtSdD/tNpWo6im8x3hdnM08YOmjZNXLbEFBxOfhT+owFjKQKoUCgAAHKOyIUKAyWs2qKT3E0Fg6g+6QL24GoNMYxWi7VaLFMAmIVQMQK9UHD48qVoTwwypBijOa06srakAvMhU1BGPKnd3QEuw6US0Suq4N4EVU5EYGhIFaHbE6zWhilWFXUdYDaRtHYc4FE2w2qwu8zEykINRdAcVAFRnXfFjYOkUXqPLYrh119Qcu+AJ6vUAjIx7WMzK0ykxB7OcETMtQHPMBibo8aReWd0VABgO+p3k7TxgJVYZtFqRCoZgGY0UVxJ+9sQ30jJxHvb8K5wyWs7OHudZQQCuBAOzDygLQuAadlT2D/cCbpgm/wh85/xghTklliQXUsMaOwJphv2QJ+k2YhZAjl6B61e/dOHdAO9FAo81jkEUd5P0jbaORDMVyy9YNS+AHZMFUCmeRPAjbAv1Ltl0OioWmTLqpSpIIrjSlKc/CpBg1Z0U0pCWC32pWmA4DfxwrnSA0ocADd974gLa1KtMrg2AJw6i18zU8CIr9MJNZggm3b5pRVHu5sSTUgXcMKYkRlOkHTwlShZ0NGYUIrkmVOfkDAUmnNOrPtDsDVF6q7BTImvbjTA4Exd6v2Vp73R7tKuw2A7Ad7EGm7POkDjRSvMdVQXiWptxJOFPHzg86saJFnlKM2zZt7b+AGAG4CAtLPZURQoUAAUA2CkN2vR6TFKsoIIoQRUHlEuFAUGl3vzpCUqLzOeCCg/uYQ9pnQCWiWyMMxgaYg7x2xidXdYTMnLNmXSPZ3TczWrVqVrWh3iuyCXZ5wdQwIIO6ABGndCvY5l5QQRjeXZTC8PynaNndXW6ua1XwGYUcUExPiUfjUfl2jdwEEHSOipc8Uda0NRsIO8EYjlFbJ1WkIOqmGdKmh4jJudYD3Q00/v2+Ka39qqvpAi6RtKe2tRQHqy+qOOZ8cOUb3SmlxZpdqbasw3R+Z0WnKtYEVglmdPUGpvNiczSuJwxO0wBQ6P9HCz2ZpzihYFifyrl34nnBC0dKuy1B94i83FsT99kZ+QUdZMpCCpYEgGtETH/K4OcakCAUKPL0ewChQoVICPbLIjqwdQQQagioPGBVrToGzSpqlZjSjMLVCZCgrWmwVp2ZwQtbNLizWd32gYDexwA76QEdG2l7RaKtVnLFmY1yAqcNozw4CA1Vg1StThHvSxeAJJvK9CMmuAXs98PaW/bJDpKDh2cUU9YFam7gScOdcoJmiUYSkvgX7ovUyrTGnZWJTSVOYEAIhbLas6YtKsqsWamWA/MFwOQERRpe1tLUqrXXcKpvOxLUpgb1abaHCsGU2Zd0crZEGAUcMoAUPZLe9po1VIWpYC6t2nu31Unlvqe2Mfp6wTkdlnNeIQhTWooCOYHZH0HNsy0OGyBpr/AGMFmIw/cvgDTAEHL/QgKvos0IruZrE1lkBQDTFgak7cvODPLlhRQCkDHolcBXX8w8II9uaouDb73Yv65d+6AqdIW9ER7Q5ooXq/Ivqxx7o+ftYNKPaJzuxxZstw2DgBBC6VNO0C2dDuZ6f2j17oGuibI02aqLizMAOJgCb0V6CvH2zgUGCcdp5ZczBbUUiq1c0esiUqLkqgV3naeJOPOLaAUex5CEB85aVlvZLSQmSsGTbVTiPpyMbrVDWpi1TglQHAyWv4xsA+Ic99cjpRzabIk38cg3H7UPunyHfHOrGlUltdYIhIILuWKkEUpRQabcTAfQKPUAjbHk1wFJMZvRWsaXBhVQBQoRMH9nW7xGd1415RJZSS4LtUfIN5B/FugMd0kaWBtExEYFTcL0+NQR4AiJHR1ZCztOel2WpodtW+gB74wDuXep2mC9q9ZRJsC1HWmXnI3jMd6hR/NAabUmUXDz2FGmOadiLgBwrWNbFfoOy+zkom5QDxpj41iwgPCtY8VthjqERAKPKw2ZoBunPZwji2zwqE12GAFPS1perJIB/O3iAPPwiJ0Y6JvuZh2mnJcT3tc7jGR1k0ibRaXetbzGnyjADupBm6O9G+zkKSMaeX1YseYgNgq0EewoRMB4THlY8Jjy9AcTybppuMD/Wmys5ehJqjjLDFa4CuOWfWMEP2dc4rtJaOU0ag3HngKbhjlADvoye4zq226RzB78vCCHpG1rLlPMc0wLHsAGA7vExlpOjzZnlHYhKtTIq7VU5b8O+KPpR0/dQWdT7wvPQ7AcBzOPIQA11h0i0+c7tmxJ4bhyEaTo1stZ4elSB1R+ZsK8AtT3Rijie0wZeifQt1DOYYv1V+UZnmfKAJlklXEA27e2HYUKAUKFCgPnmxe5bP/G3+RiiX3TwH+QhQoCz1f/jD72RD1t/jvxHlHsKAqrD744+sG9/4Un/xj/KXChQG+s/uiO4UKARhLChQFbpfOV858jELTf8ABf5G/wAYUKA+d5f8dPmXzEfRmqn/AE8v5E8hChQF0mUcvChQHJ+sdpChQHRhm2e43AwoUBntIe5M5f4GA30if9U/8vkIUKAy0n3hH0R0ff8ASyvkHmYUKA10eQoUB4YRhQoD/9k=",9239,2022-03-10T14:52:43.38145Z,2022-03-10T14:52:45.935417Z,image/jpeg
C:\Users\Administrator\Downloads\message (1).txt,https://cdn.discordapp.com/attachments/672802274422030374/950412596719267910/message.txt,16792,2022-03-10T15:54:48.169773Z,2022-03-10T15:54:48.357772Z,text/plain
C:\Users\Administrator\Downloads\cf.rar,https://cdn.discordapp.com/attachments/919330080268910596/951152830390075412/cf.rar,48694,2022-03-11T04:11:50.116964Z,2022-03-11T04:11:50.38222Z,application/rar
C:\Users\Administrator\Downloads\loader.lua,https://cdn.discordapp.com/attachments/951710757949694002/951710760218787860/loader.lua,160207,2022-03-11T05:19:09.87233Z,2022-03-11T05:19:10.086031Z,text/plain
C:\Users\Administrator\Downloads\message (2).txt,https://cdn.discordapp.com/attachments/911060954651963442/951651372737134642/message.txt,5720,2022-03-11T05:27:18.126554Z,2022-03-11T05:27:18.287466Z,text/plain
C:\Users\Administrator\Downloads\使用说明.txt,https://developer.lanzoug.com/file/?UjRWaFxtBjcBCAc/AzZdMVtkADgHvAC/AblRsFObAahTuwX9WbAFtwbIANgBe1QhVHYHdlUsUTUFa1owV24EWlI7VmVcPAZnAWEHYANuXWlbNgA1B2AAJAFgUSRTMgExU2oFZVkiBSEGIABrAWdUZVQ8BzNVJVFiBTNac1c6BDdSfVY4XDAGNwFnB2MDZF1kW2AAZgdpAGEBMFFnUz8BMFNnBTNZMAU0BmYAMAFjVDNUbQczVT5RZwUyWmRXOAQ3UmtWL1x1BioBIwd3AyJdL1tkAHcHMQBmATtRZlM6ATJTZgVjWTUFZwZ2ACIBPFQ4VGsHZFU3UWIFNFpoVz0EPFJqVjNcNQZiAWIHfwN5XXpbZwBpBy8APwE3UWFTOwE2U2oFalk1BWAGZwBuAXNUIFR+B3VVN1FiBTRab1c9BDJSY1Y3XDkGYgFhB3cDIl01W3EAOAdpADMBP1F5Uz0BNVNiBXxZNgVjBmcAeAFnVGdUPg==,197,2022-03-11T06:50:09.130941Z,2022-03-11T06:50:09.251707Z,application/octet-stream
C:\Users\Administrator\Downloads\ClashAP_2.17.rar,https://cdn.discordapp.com/attachments/942107504555474974/943825644536606720/ClashAP_2.17.rar,55523,2022-03-11T16:38:33.171524Z,2022-03-11T16:38:33.37544Z,application/rar
C:\Users\Administrator\Downloads\b138_8e56_58ae_f17b21268f069c0de5b176e19c2b178e.mp3,https://m10.music.126.net/20220312021813/3761ddf84d2b20fe4d06a8d8e8def27e/ymusic/b138/8e56/58ae/f17b21268f069c0de5b176e19c2b178e.mp3,9550596,2022-03-11T17:53:19.000766Z,2022-03-11T17:53:19.589271Z,audio/mpeg
C:\Users\Administrator\Downloads\obj_wo3DlMOGwrbDjj7DisKw_4698555676_b4ab_6476_c0e6_602c5ae126f92a0bba2edc754a54cca4.mp3,https://m801.music.126.net/20220312022636/9cd5369897ae8924af7f2e2449983c73/jdymusic/obj/wo3DlMOGwrbDjj7DisKw/4698555676/b4ab/6476/c0e6/602c5ae126f92a0bba2edc754a54cca4.mp3,3135991,2022-03-11T18:01:49.86302Z,2022-03-11T18:01:50.029642Z,audio/mpeg
C:\Users\Administrator\Downloads\message_9.txt,https://cdn.discordapp.com/attachments/927940370887761960/950046192916652142/message_9.txt,3705866,2022-03-11T20:10:13.226794Z,2022-03-11T20:10:13.450319Z,text/plain
C:\Users\Administrator\Downloads\CFG.rar,https://cdn.discordapp.com/attachments/950864466956914688/952189332263944262/CFG.rar,70501,2022-03-12T15:30:04.330093Z,2022-03-12T15:30:04.550438Z,application/rar
C:\Users\Administrator\Downloads\loader (1).lua,https://cdn.discordapp.com/attachments/951710757949694002/952272055448006696/loader.lua,160207,2022-03-12T18:29:16.726794Z,2022-03-12T18:29:17.037837Z,text/plain
C:\Users\Administrator\Downloads\loader.exe,https://onecrack.shop/user.php,15462400,2022-03-13T15:35:43.352076Z,2022-03-13T15:35:46.616372Z,application/octet-stream
C:\Users\Administrator\Downloads\hvhbbs.com_【Huanle】OPC公开参.zip,https://hvhbbs.com/attachments/9850/,1885272,2022-03-13T16:02:44.092443Z,2022-03-13T16:02:44.825917Z,application/octet-stream
C:\Users\Administrator\Downloads\hvhbbs.com_{V4}PLA顶级陀螺+绿演（带JS）OPC可用.zip,https://hvhbbs.com/attachments/10055/,1826621,2022-03-13T16:04:14.779576Z,2022-03-13T16:04:14.976315Z,application/octet-stream
C:\Users\Administrator\Downloads\hvhbbs.com_Link干拉_V4.zip,https://hvhbbs.com/attachments/8611/,9426,2022-03-13T16:33:10.505767Z,2022-03-13T16:33:10.664465Z,application/octet-stream
C:\Users\Administrator\Downloads\sogou_pinyin_118a (1).exe,https://pinyin.sogou.com/,83473904,2022-03-13T17:57:04.220072Z,2022-03-13T17:57:05.307247Z,application/octet-stream
C:\Users\Administrator\Downloads\HTTP Debug 9.03汉化版.rar,https://www.52pojie.cn/forum.php?mod=misc&action=attachcredit&aid=1610382&formhash=4e65c9c8,2828333,2022-03-14T07:21:45.337921Z,2022-03-14T07:21:48.014892Z,application/octet-stream
C:\Users\Administrator\Downloads\HTTP Debugger Pro v9.11.zip,https://developer.lanzoug.com/file/?UjQAPgg5UmMJAAoyBDFRPQc4AztUQwpcB1QAVlEtUBUCZ1diDydQY1NiAjEGIFV0VV9UI19vCylRIFJtB3VaalJjAHkIL1JvCS8KegQ2UTkHMQNjVFQKYQdkADtRPlBpAjBXMA9iUDFTMwJlBnRVMlV8VGxfMQs4UWVSZQdpWm1SZQBuCHNSdgkvCmEEYlFgB28DN1QkCjgHMgApUTxQZwItV2MPYFA3Uz0CYwZlVTJVNlQyXzULOFFiUmMHOVpqUjAAMwhkUmAJaAo4BDJRYwc4A2BUOAo+BzcAMFE7UDQCOlcuDyhQbVN1AnIGJ1UnVWpUI19pC21Ra1JgB2lab1JqAGYIY1IgCSsKNQQ9UTUHOwM7VDoKPgc0ADFRP1BlAjFXNQ9nUDZTKwJ6BnRVMlVjVCZfPQs4UWBSYAdsWmlSYABlCGJSNglpCnoEJVEgByoDO1Q6Cj4HMQA1UTlQYwI1VzQPa1A0UyMCIQY7VSRVMlRgXzELMFF4UmYHblpqUnwAZQhnUjEJcQpuBGJRYA==,11312679,2022-03-14T07:22:35.144416Z,2022-03-14T07:22:36.075565Z,application/octet-stream
C:\Users\Administrator\Downloads\Fiddler 5.0.20194.41348汉化版.7z,https://developer.lanzoug.com/file/?A2UBPww9AjMJAAA4Cj8FaQc4Bz9XTlQ/UTJbOVdnWj4FdwB3DGRVL1YwAXkKbFNiUjkOMlA7BSkENwE2UD9abwM7AbAM4ALfCboA2grIBeMH1AeKVyZUYVEsW3tXbVoyBWkAMgwOVWhWZAFqCm9TYFIwDjlQPgU/BDsBP1AqWj0DcAFrDGQCZwlpAGMKbQUyB2sHJFd4VCZRa1tvVztaagU8AHgMYFUxVi8BZwpoU31Saw5oUD8FZgRhAT5QaFpuA2IBbwxhAmAJbABlCjoFYQduB2ZXO1RmUTRbb1cyWj4FPQBvDGRVYFYwAWYKblM2UiYOPFB1BSEEdgF0UGlaKQNqATIMbAJuCWgAbgpnBTwHbAckV3xUP1E7WzhXbVpmBTQAYQxlVTZWMgFgCm9TY1I9DjhQIQUpBCUBYVBgWiwDPgFnDGcCYgloAGQKawU9B28HM1c9VHBRI1stV3xaZgU0AGIMZlUxVjMBYwpqU2dSMQ44UCkFcgRqAXdQMVpqAzIBbwx/AmQJagBnCnAFNgdvBzVXJlRkUWRbbQ==,5165366,2022-03-14T15:02:36.298469Z,2022-03-14T15:02:36.964487Z,application/octet-stream
C:\Users\Administrator\Downloads\httpsMonV1.3.rar,https://www.52pojie.cn/forum.php?mod=misc&action=attachcredit&aid=1557305&formhash=4e65c9c8,96749,2022-03-14T15:20:58.32944Z,2022-03-14T15:20:58.595016Z,application/octet-stream
C:\Users\Administrator\Downloads\httpsMonV1.3 (1).rar,https://www.52pojie.cn/forum.php?mod=misc&action=attachcredit&aid=1557305&formhash=4e65c9c8,96749,2022-03-14T15:21:00.017427Z,2022-03-14T15:21:00.12163Z,application/octet-stream
C:\Users\Administrator\Downloads\Wireshark v3.6.1 绿色版.zip,https://developer.lanzoug.com/file/?A2UCPAs6AjNRWFBoVmNSPgc4VGwEDFY9BHEEZwcoBG0EZQInDDoCdgIiA2YAelZhWy9VYV8gBuMFuQG4VOADiwOxArIL3wLeUSlQfFZrUiMHe1Q3BDJWOARmBF0HMgRhBDkCYwxgAmYCYQNmAGBWZls2VXZfZgZ3BT8BMVQ5AzoDOgJjC2ICZFEzUCBWclIjB2BUYwRrVmYEMQQtB2sENAQrAmcMZgJ5AmUDbABhVm5bNVVkXzgGPQVgAWVUPQNnAzECZQtkAmNRZFAzVmRSNgdtVGIEPlZhBDYENgc5BGAEZQJmDDMCZgJ6Ay8APVYnWydVJV9zBmEFcAFuVGwDPwMyAmULbgJlUTdQP1Y0UnUHKVQ4BDZWMQRlBD8HagQzBDACYgxjAmECZgNjAGdWblsvVX5fJgZiBW4BcFQ1AzMDNQJhC2ECZFEwUDdWNlJhB29UdwQuViQEdAQ/B2oEMwQwAmYMYwJuAmYDbABkVmJbJ1UlX2kGdAU/ATZUOQM7Ay0CZwtjAmdRKVA0VjBSZAdzVGMEaVZk,61896424,2022-03-14T15:27:23.158544Z,2022-03-14T15:27:24.692523Z,application/octet-stream
C:\Users\Administrator\Downloads\python-3.10.2-amd64.exe,https://www.python.org/downloads/release/python-3102/,28239176,2022-03-14T15:51:01.048689Z,2022-03-14T15:53:05.725485Z,application/octet-stream
C:\Users\Administrator\Downloads\nod8_80128.zip,https://www.zdfans.com/html/80128.html,4155482,2022-03-14T16:14:01.010668Z,2022-03-14T16:14:01.605776Z,application/zip
C:\Users\Administrator\Downloads\【批量下载】实战源码等.zip,https://pan.baidu.com/s/1pkKCW0MzOhOOXVblcno6FA#list/path=%2Fsharelink3787052353-400045246244435%2F%E9%9B%B6%E5%9F%BA%E7%A1%80%E5%AD%A6python%2F%E5%AE%9E%E6%88%98%E6%BA%90%E7%A0%81%20-%20%E4%B9%A6%E4%B8%AD%E5%AE%9E%E6%88%98%E7%AD%94%E6%A1%88&parentPath=%2Fsharelink3787052353-400045246244435,63989,2022-03-14T16:47:04.656086Z,2022-03-14T16:47:04.770844Z,application/zip
C:\Users\Administrator\Downloads\beautifulsoup4-4.1.0.tar.gz,https://www.crummy.com/software/BeautifulSoup/bs4/download/4.0/,128946,2022-03-14T17:18:31.93568Z,2022-03-14T17:18:32.549624Z,application/x-gzip
C:\Users\Administrator\Downloads\requests-2.27.1.tar.gz,https://pypi.org/project/requests/#files,106758,2022-03-14T17:25:06.313722Z,2022-03-14T17:25:06.549648Z,application/x-tar
C:\Users\Administrator\Downloads\html5-parser-0.4.10.tar.gz,https://pypi.org/project/html5-parser/#files,272814,2022-03-14T17:36:42.858369Z,2022-03-14T17:36:43.145817Z,application/x-tar
C:\Users\Administrator\Downloads\config_pkg-1.1.5.tar.gz,https://pypi.org/project/config_pkg/#files,2876,2022-03-14T17:37:54.135362Z,2022-03-14T17:37:54.246591Z,application/x-tar
C:\Users\Administrator\Downloads\pkgconfig-1.5.5.tar.gz,https://pypi.org/project/pkgconfig/#files,6082,2022-03-14T17:39:27.987586Z,2022-03-14T17:39:28.093212Z,application/x-tar
C:\Users\Administrator\Downloads\html-parser-0.2.tar.gz,https://pypi.org/project/html-parser/#files,904,2022-03-14T17:40:50.59944Z,2022-03-14T17:40:50.702595Z,application/octet-stream
C:\Users\Administrator\Downloads\HTMLParser-0.0.2.tar.gz,https://pypi.org/project/HTMLParser/#files,5970,2022-03-14T17:42:09.60623Z,2022-03-14T17:42:09.717437Z,application/octet-stream
C:\Users\Administrator\Downloads\beautifulsoup4-4.10.0.tar.gz,https://www.crummy.com/software/BeautifulSoup/bs4/download/4.10/,396890,2022-03-14T17:48:48.423011Z,2022-03-14T17:48:49.347382Z,application/x-gzip
C:\Users\Administrator\Downloads\beautifulsoup4-4.5.0.tar.gz,https://www.crummy.com/software/BeautifulSoup/bs4/download/4.5/,157803,2022-03-14T17:51:06.728629Z,2022-03-14T17:51:07.252583Z,application/x-gzip
C:\Users\Administrator\Downloads\beautifulsoup4-4.8.0.tar.gz,https://www.crummy.com/software/BeautifulSoup/bs4/download/4.8/,170919,2022-03-14T17:52:03.016971Z,2022-03-14T17:52:03.531577Z,application/x-gzip
C:\Users\Administrator\Downloads\beautifulsoup4-4.9.0.tar.gz,https://www.crummy.com/software/BeautifulSoup/bs4/download/4.9/,368809,2022-03-14T17:55:04.845542Z,2022-03-14T17:55:05.609615Z,application/x-gzip
C:\Users\Administrator\Downloads\beautifulsoup4-4.10.0 (1).tar.gz,https://www.crummy.com/software/BeautifulSoup/bs4/download/4.10/,396890,2022-03-14T17:57:57.293975Z,2022-03-14T17:57:57.403327Z,application/x-gzip
C:\Users\Administrator\Downloads\selenium-4.1.3-py3-none-any.whl,https://pypi.org/project/selenium/#files,968834,2022-03-14T18:21:27.657807Z,2022-03-14T18:21:27.95026Z,application/octet-stream
C:\Users\Administrator\Downloads\pandas2-0.0.0.tar.gz,https://pypi.org/project/pandas2/#files,1032,2022-03-14T18:25:21.934799Z,2022-03-14T18:25:22.033514Z,binary/octet-stream
C:\Users\Administrator\Downloads\pandas-1.4.1.tar.gz,https://pypi.org/project/pandas/#files,4941369,2022-03-14T18:27:07.272044Z,2022-03-14T18:27:12.089303Z,application/x-tar
C:\Users\Administrator\Downloads\numpy-1.22.3.zip,https://pypi.org/project/numpy/#files,11451867,2022-03-14T18:28:20.330986Z,2022-03-14T18:28:40.397153Z,application/zip
,https://link.zhihu.com/?target=http%3A//go.microsoft.com/fwlink/%3FLinkId%3D691126,3287928,2022-03-14T18:32:55.963259Z,1601-01-01T00:00:00Z,application/octet-stream
,https://link.zhihu.com/?target=http%3A//go.microsoft.com/fwlink/%3FLinkId%3D691126,3287928,2022-03-14T18:32:58.767089Z,1601-01-01T00:00:00Z,application/octet-stream
C:\Users\Administrator\Downloads\visualcppbuildtools_full.exe,http://go.microsoft.com/fwlink/?LinkId=691126,3287928,2022-03-14T18:33:01.927304Z,2022-03-14T18:33:02.257388Z,application/octet-stream
C:\Users\Administrator\Downloads\chromedriver_win32.zip,https://chromedriver.storage.googleapis.com/index.html?path=99.0.4844.51/,6295278,2022-03-14T18:40:02.9928Z,2022-03-14T18:40:03.43714Z,application/zip
C:\Users\Administrator\Downloads\chromedriver_win32 (1).zip,https://chromedriver.storage.googleapis.com/index.html?path=99.0.4844.51/,6295278,2022-03-14T18:51:26.092401Z,2022-03-14T18:51:26.233062Z,application/zip
C:\Users\Administrator\Downloads\raft修改器.zip,https://pan.baidu.com/s/1ryZeKHkkVSQUVT0reezwqQ#list/path=%2F%E6%9C%A8%E7%AD%8F%E6%B1%82%E7%94%9F20%E4%BF%AE%E6%94%B9,918286,2022-03-15T06:33:10.65087Z,2022-03-15T06:33:16.093128Z,application/zip
C:\Users\Administrator\Downloads\Half-life_3.13.rar,https://cdn.discordapp.com/attachments/949332937919311922/952253535372869732/Half-life_3.13.rar,55024,2022-03-15T14:06:51.371747Z,2022-03-15T14:06:51.647667Z,application/rar
C:\Users\Administrator\Downloads\ClashAP_tsv4_3.12.rar,https://cdn.discordapp.com/attachments/942107504555474974/951882665462730852/ClashAP_tsv4_3.12.rar,55533,2022-03-15T14:07:11.698987Z,2022-03-15T14:07:12.122097Z,application/rar
C:\Users\Administrator\Downloads\Solace_3.2.rar,https://cdn.discordapp.com/attachments/948599740675801118/948600323897983036/Solace_3.2.rar,43981,2022-03-15T14:07:28.46466Z,2022-03-15T14:07:28.655219Z,application/rar
C:\Users\Administrator\Downloads\Semirage_3.8.rar,https://cdn.discordapp.com/attachments/949333284435927050/950431522224230450/Semirage_3.8.rar,7786,2022-03-15T14:07:42.319216Z,2022-03-15T14:07:42.47878Z,application/rar
C:\Users\Administrator\Downloads\loader (1).exe,https://onecrack.shop/user.php,15462400,2022-03-16T10:10:21.511052Z,2022-03-16T10:10:24.568377Z,application/octet-stream
C:\Users\Administrator\Downloads\solace.lua,https://cdn.discordapp.com/attachments/935252104925282324/953872831639330876/solace.lua,343259,2022-03-17T08:12:53.650451Z,2022-03-17T08:12:53.903652Z,text/plain
C:\Users\Administrator\Downloads\安装器合集.exe,https://developer.lanzoug.com/file/?BmBTbQk4UmMIAQI6BjNRPVZpDzcHvQaqUtxQvleoBoIC5wDOWaxT4gjOAtwDvgCaA99VflBqUSsBYwEhU2lXPwZqU2EJC1JvCDoCaQZkUWBWOg8+B2AGMlJmUG5XLQZhAnEAalkwUzIIaQJhA2UAMgNrVXZQf1EjATsBNVM/V2QGNFMrCWRSNwhxAmYGY1F/VjUPaQc+BjBSbVAyV2gGPwIxAG5ZNFNhCGYCZwNnADEDalVlUDxRNQEzAWFTOFdkBmNTPAkwUmIIaAJkBmFRNFYiD28HIAZhUnNQI1d4BmICcAA+WWBTOghrAmUDYQA3A2FVZFApUScBbwFqU2pXMAY7UzUJYlIyCGkCYQZqUWlWPA8yB28GKlJ7UHBXbQZrAnUAalk1UzEIagJjA2IAOQNtVWZQOVFgASABclN/VyEGO1M1CWJSMghsAmMGZ1FoVjkPMgdrBiJSIFA/V3sGOgIzAGZZPVMpCGwCYQNmAC8Da1ViUDhRfQE0ATVTPw==,4575232,2022-03-18T07:21:35.985212Z,2022-03-18T07:21:37.180905Z,application/octet-stream
C:\Users\Administrator\Downloads\MAO ZEDONG DRIP (Red sun in the sky Trap Remix prod. by BBMusic) (320  kbps) (cdn.320mp3converter.com).mp3,https://cdn.320mp3converter.com/@download/251-6234511c1837d-14600000-365-320-webm-6564642/mp3/d84w1hR_COA/MAO%2BZEDONG%2BDRIP%2B%2528Red%2Bsun%2Bin%2Bthe%2Bsky%2BTrap%2BRemix%2Bprod.%2Bby%2BBBMusic%2529.mp3/1cd4d6222d388adc74a085c698be65bbcb44f0ede782c7d5bba014b4637e0692-,14609325,2022-03-18T09:30:34.490429Z,2022-03-18T09:30:48.053784Z,application/octet-stream
C:\Users\Administrator\Downloads\obj_wo3DlMOGwrbDjj7DisKw_5183464551_f33e_e543_7421_9a369ae86279bca692589bf48df07cee.mp3,https://m801.music.126.net/20220318180044/392ea841d796a06f8606229bbb00a42e/jdymusic/obj/wo3DlMOGwrbDjj7DisKw/5183464551/f33e/e543/7421/9a369ae86279bca692589bf48df07cee.mp3,3258871,2022-03-18T09:35:52.668655Z,2022-03-18T09:35:52.905602Z,audio/mpeg
C:\Users\Administrator\Downloads\message (3).txt,https://cdn.discordapp.com/attachments/925402793265737748/952275750839521330/message.txt,9432,2022-03-19T08:20:29.329661Z,2022-03-19T08:20:29.635913Z,text/plain
C:\Users\Administrator\Downloads\message (4).txt,https://cdn.discordapp.com/attachments/931211576063700992/954364228230340658/message.txt,9244,2022-03-19T08:21:02.757686Z,2022-03-19T08:21:02.948535Z,text/plain
C:\Users\Administrator\Downloads\cf (1).rar,https://cdn.discordapp.com/attachments/919330080268910596/951152830390075412/cf.rar,48694,2022-03-19T08:24:38.537454Z,2022-03-19T08:24:38.696659Z,application/rar
C:\Users\Administrator\Downloads\cf (2).rar,https://cdn.discordapp.com/attachments/919330080268910596/951152830390075412/cf.rar,48694,2022-03-19T08:24:43.639061Z,2022-03-19T08:24:43.744899Z,application/rar
C:\Users\Administrator\Downloads\SNK V66.rar,https://developer.lanzoug.com/file/?VzEGOAw9U2ICC1NrCj8FaVtkATlSXgJOUR0BJ11XUWYANlIrDiEHMgYiVCRRY1Q8WmwBYV5eA2hVNgE6AmhbbldjBmAMZlM/AmBTPAp4BWJbcgE5UjoCM1FmAT9dNlFoADhSIw4jByMGbVQwUTVUZ1oyASteMQMyVX0BNgJvW3VXNgYzDDJTNwIxU2cKZwVlWzcBMVI1AjRRNQExXWVRYgBkUjMOZgc1BmlUMFEwVGRaOQEyXjgDYFVgATMCZlttV3kGIwwwU3UCclNwCi0FYVtzAW1SaQI9UWcBN10yUWAAMFI1DnUHJwY5VG9RYFQzWj0BNV43AzVVZQExAmZbaFdmBmYMZ1MpAnpTIwo4BWhbdgE5UjwCNlFiATBdN1FoADBSMg5hB2MGdlR3UXVUIlo9ATVeNwM1VWQBPgJnW2hXZgZiDGNTIQIhU2wKLgU5WzABNVI0Ai5RZAEyXTBRfgAyUjcOZAd9BmJUMFE1,7308788,2022-03-19T09:13:05.621309Z,2022-03-19T09:13:06.619495Z,application/octet-stream
C:\Users\Administrator\Downloads\laffsync.lua,https://cdn.discordapp.com/attachments/940662852027572294/949512140631461948/laffsync.lua,373107,2022-03-19T16:15:06.490145Z,2022-03-19T16:15:06.675786Z,text/plain
C:\Users\Administrator\Downloads\obj_wo3DlMOGwrbDjj7DisKw_7528265076_89cf_a36c_9abf_6972a77559de6233ccfb2a08fa9ee6a7.mp3,https://m701.music.126.net/20220320164422/3e88d2abf502ead65af924d625ae9e80/jdymusic/obj/wo3DlMOGwrbDjj7DisKw/7528265076/89cf/a36c/9abf/6972a77559de6233ccfb2a08fa9ee6a7.mp3,3877451,2022-03-20T08:19:41.586365Z,2022-03-20T08:19:41.838525Z,audio/mpeg
C:\Users\Administrator\Downloads\小栗子框架4.6.6单Q.zip,https://developer.lanzoug.com/file/?UDZVa1xtDj9VXFFpUWRUOAA/DjZR6wa0BIwE5Ab6VcNSt1GrAM1T4QD3VoYEtlDPAe0BMAJzVGBQeQAwAbha1lDFVVNcLw4gVWpRd1EjVDMAMw5nUWsGWwRqBGYGZ1ViUmdRNgBkUzcAYVY3BGVQdwE9AXcCYFRnUGAAPgFuWm5QYFU0XDgOfFVzUXdROFRnAGoOOVE8BisEMwQxBnVVZlJiUSkAZFNhAGZWYwQzUGABbAExAmVUYFA2ADcBb1o9UDJVYVwzDj9VNVE3UTJUMQBvDmpRNgZnBDUEMQY8VWZSZVEwAHNTfQA/VnAEdlAkASgBYQIvVD9QMwA7AWxablBmVTNcNw5oVTFRIVFxVDwANw5uUWgGOQQyBDQGblVjUmVRPgBqUz4AZVY5BH5QfwF9AWICMVQhUGoANwFrWm9QZ1U1XDkObFU7UTVRPFRzAC8Oe1F5BjkEMgQ0Bm5VY1JlUTYAaFMwAGRWNQR2UCQBMgF0AmBUZ1BmAD8Bc1ppUGVVM1wvDmhVMVEwUStUZwBoDjs=,17835069,2022-03-20T14:35:49.738412Z,2022-03-20T14:35:50.959354Z,application/octet-stream
C:\Users\Administrator\Downloads\[bbs.xiaolz.cn]守护者超级群管V3.lz.zip,https://bbs.xiaolz.cn/forum.php?mod=attachment&aid=Njc2MnwxZmVhMTY0YnwxNjQ3Nzg3NTM0fDQ5Mjg1fDQxMzA%3D,4585825,2022-03-20T14:45:49.077472Z,2022-03-20T14:45:50.681376Z,application/octet-stream
C:\Users\Administrator\Downloads\[bbs.xiaolz.cn]守护者超级群管V3.lz (1).zip,https://bbs.xiaolz.cn/forum.php?mod=attachment&aid=Njc2MnwxZmVhMTY0YnwxNjQ3Nzg3NTM0fDQ5Mjg1fDQxMzA%3D,4585825,2022-03-20T14:47:03.182822Z,2022-03-20T14:47:03.327209Z,application/octet-stream
C:\Users\Administrator\Desktop\Puff-shroom1.webp,https://www.google.com/search?sxsrf=APq-WBuTQ4xJN34bGMI0DhEV7KHL0AmZfA:1647789829931&source=univ&tbm=isch&q=%E6%A4%8D%E7%89%A9%E5%A4%A7%E6%88%98%E5%83%B5%E5%B0%B8%E8%98%91%E8%8F%87%E7%9A%84%E5%9B%BE%E7%89%87&fir=NuHvLuFciByxjM%252CWl6tjqtFod38SM%252C_%253BzNd2Z5dAxp3qbM%252CGn1ZJgmYN5l8WM%252C_%253BbhnU_zettgs6QM%252Co6HVy80kjWU3KM%252C_%253BhD4xFcidXJwgKM%252CjRwFbo_QS4xNLM%252C_%253BAm65s2myijJZXM%252Cfl5gWndIIGZIKM%252C_%253BZ5Hokq_M0MDxDM%252CC6Isko2f_ApXpM%252C_%253Bpg6tZkPHeFwx8M%252Co6HVy80kjWU3KM%252C_%253BqPNmzm6ZgqgjDM%252C8tF4-fXoOIFGQM%252C_%253BzVYLo3WRuoQI4M%252Co6HVy80kjWU3KM%252C_%253BiCeoQqOT_Et-vM%252Cbw_f4r-DqkukJM%252C_&usg=AI4_-kRdK05GtyTb1AlTiGIu5hUWXhhmFQ&sa=X&ved=2ahUKEwi0xui7_9T2AhWGGqYKHQcZDUMQjJkEegQIAhAC&biw=1920&bih=937&dpr=1#imgrc=NuHvLuFciByxjM,7716,2022-03-20T15:24:09.266263Z,2022-03-20T15:24:11.147969Z,image/webp
C:\Users\Administrator\Desktop\%3F%3F%3F%3F%3F%3F.webp,https://pvz.fandom.com/zh/wiki/%E5%BF%A7%E9%83%81%E8%98%91%E8%8F%87?file=%25E5%25BF%25A7%25E9%2583%2581%25E8%2598%2591%25E8%258F%2587%25E5%259B%25BE%25E9%2589%25B4.png,4810,2022-03-20T15:31:55.339385Z,2022-03-20T15:31:57.884791Z,image/webp
,https://new.qq.com/omn/20220301/20220301A07MGC00.html#p=1,132400,2022-03-20T15:36:33.91322Z,1601-01-01T00:00:00Z,image/webp
C:\Users\Administrator\Desktop\8651.jpg_wh1200.jpg,https://seopic.699pic.com/photo/40007/8651.jpg_wh1200.jpg,226492,2022-03-20T15:36:49.335128Z,2022-03-20T15:36:51.918315Z,image/jpeg
C:\Users\Administrator\Downloads\[bbs.xiaolz.cn]来个美女.dll,https://bbs.xiaolz.cn/forum.php?mod=attachment&aid=MTA2Njd8MWQxNjJiNGJ8MTY0Nzc5MzgyMnw0OTI4NXw1Njk5,1032704,2022-03-20T16:30:53.541394Z,2022-03-20T16:30:54.476838Z,application/octet-stream
C:\Users\Administrator\Downloads\小沐同学.zip,https://developer.lanzoug.com/file/?UDZbZVprAjMCCwoyV2JSPldoATlT6Qq4B49SslK8UMEE4VqdDdwDslSvUKADeVwnVmUEcVUsBGACbFU/UWhTDVA5W2haOgJjAm0Kb1c1UmVXPwE3UzoKLgdmUidSM1BgBDFaNA1jA2dUN1A/A3FcLVZ8BDxVOAQ2AjdVYVEiU2JQYVsjWjcCZQJ7Cm5XM1JqVzwBZ1NqCjwHZFJmUjlQMwQ2Wm8NNANjVGdQNQNvXD9WNQRiVT0EYAI9VWNRblNnUDRbb1o1Am4CZgpyV3lSOld9ASJTeQp7B2VSJlJnUDUEOVo/DWMDZlQyUDIDYFxlVioEdVVjBGsCYFU1UTBTY1BmWzhaMAJhAm0KaVczUmJXOgEqUyIKLgdmUjhSeVBsBDVaOw1kA2BUNVA+A25cZVY1BDVVLARzAnVVJFEwU2NQZls4WjYCZwJtCmlXM1JrVz8BIlN5CmEHcFJpUj9QYAQ9WiMNYgNiVDNQKANlXG9WOwQvVTgENAI1,1593059,2022-03-20T16:33:48.620229Z,2022-03-20T16:33:49.352939Z,application/octet-stream
C:\Users\Administrator\Downloads\[bbs.xiaolz.cn]MIUXUE新冠信息查询.zip,https://bbs.xiaolz.cn/forum.php?mod=attachment&aid=OTAxMXw4ZTVkZDY5N3wxNjQ3Nzk0NjgwfDQ5Mjg1fDUxMzk%3D,1630473,2022-03-20T16:44:57.887951Z,2022-03-20T16:44:58.565855Z,application/octet-stream
C:\Users\Administrator\Downloads\[bbs.xiaolz.cn]MIUXUE新冠信息查询 (1).zip,https://bbs.xiaolz.cn/forum.php?mod=attachment&aid=OTAxMXw4ZTVkZDY5N3wxNjQ3Nzk0NjgwfDQ5Mjg1fDUxMzk%3D,1630473,2022-03-20T16:45:46.804961Z,2022-03-20T16:45:46.918785Z,application/octet-stream
C:\Users\Administrator\Downloads\点歌1.1.3(修复).rar,https://developer.lanzoug.com/file/?VTNRb11sAjMACQY+UGVRPVZpBDxS6gaGBLoA4Af2W9ZTYlQtDGADeQZjAH4FtVziW68C4gX+BolXeVN7AC5bO1UnUSBdZgI/ADoGNVBbUTlWaAQ8Uj8GPQQwADUHaVtoU2NUNgx3AzEGIwBrBWlca1s2Aj4FbwYwV3ZTJQAsW2dVZ1E2XTICZgB5BmBQPVF/VjwEOVIiBmYEMQBgBzlbOVMwVGUMYgNnBmYAbwVhXGlbZwJkBWsGM1djU2UAP1s7VWFRNF0xAjUAbwZmUD1RZ1ZtBGRSOgYqBHEAZwcpW3xTJlRwDDQDJQY5ADIFbFxsWzMCNAVrBjJXZlNsAHpbLlU8UWtdZQIwAGsGYVAyUWRWOwQ2UjQGMgQxADQHalt0U31UJQw3AzsGJwBrBWBca1s1AjMFbQY3V2lTYABsW21Vc1FzXXACIQBrBmFQMVFpVjUENVI0BjIENgA/B21bfFMmVGoMIQNqBmEAZwVoXHNbMwIyBWsGKldiU2cAa1t0VWdRNF0w,867954,2022-03-20T16:53:52.887359Z,2022-03-20T16:53:53.249663Z,application/octet-stream
C:\Users\Administrator\Downloads\QQ啊豪单独视频.dll,https://developer.lanzoug.com/file/?VDIBPw8+ADFTWgI6ATRRPQY5AzsCDAJRUrBQwwbQBu8DsgL/CLBSiwDDCrsB3lD9ALIPrVWMUboKrwGWViRUMVQ4AToPdAAyU2wCOAEwUQ8GNQNiAmACNlJhUG4GYwY0AzsCYghkUiAAMAovAWhQYwBsDzJVOFFrCjUBN1YsVCVUJAFrD2AAZFM3AmYBelFgBm8DKQJsAjdSelBiBmoGZgNgAmQIbFI+AGAKbgFnUDQAaw9oVW5RNgpoAWZWMlRiVDcBMw8xAGJTMQJmAWJRNAY+AzcCbQIyUjFQeAY+BmsDbwJzCCBSdQAzCi4BPFA1AGcPOVUzUWcKOQE2VjlUc1QgAT8PPwAxU2MCaQFkUWYGaAMxAmoCOVJjUG4GYgYzAy0CewhzUmAAOgorAWhQYABsDz5VPVFkCjQBN1Y7VGBUZQFwDycAJFNyAmkBZFFmBmgDMQJoAjJSYVBgBmkGMgMlAiAIPFJ2AGsKbQFkUGgAdA84VT9RYgojATVWOFRiVHoBZA9gAGQ=,2682880,2022-03-20T17:04:55.196608Z,2022-03-20T17:04:56.226672Z,application/octet-stream
C:\Users\Administrator\Downloads\ffmpeg.exe,https://developer.lanzoug.com/file/?AmRaZAAxATABCFZuAjcHawc4U2tQaVM3UTtRJwA5B2FTfQU3DypTYgBwBzdRbABtVWpXDVBmVjAGPAExAm1WZgI0WjQAZQFiAWNWJgIwB3UHYFNlUDpTZlFlUWUAagc0U3UFIg8iUzoAZAdhUTcAM1UgV2JQPVZ7BjMBMgJxVmUCO1ppADgBMQFkVmMCZwdlBz9TZlA6UzVRMFE1AGUHYFMxBWQPZlMxADcHZ1E9AGJVO1dnUD5WYwZgAWYCa1Z5AmdadQA4AXMBIlZzAjMHdAc0UzJQMlNiUW9RYwBoBzdTYAV0DyZTbgA7BzRRYwA8VT5XZFA7VmMGNgE+AmhWbgIwWj0AcwF7AXFWZgI6B3EHYFNnUDlTZVFhUWAAZAc/U2EFag9kUyEAIwchUXIAPFU+V2RQO1ZhBjYBNAJqVmACNVo/AHsBIAE+VnACawc3B2xTb1AhU2NRY1FmAHIHNFNhBWUPfFM1AGQHYQ==,3573262,2022-03-20T17:05:31.135672Z,2022-03-20T17:05:31.919798Z,application/octet-stream
C:\Users\Administrator\Downloads\QQ啊豪图片插件1.2.dll,https://share.weiyun.com/JUHNmYcH,5197824,2022-03-20T17:32:37.241371Z,2022-03-20T17:32:38.364983Z,application/octet-stream
C:\Users\Administrator\Downloads\QQ啊豪单独图.dll,https://developer.lanzoug.com/file/?VTNWaAs6ADEJAAU9BjNQPFNsU2sADgNQAeMDkFCGV74FtFGsCrJQiQbFBLUE21T5UO8GmFS1VHgKaVowUGBSdVUzVmgLOgAxCQAFOgY2UGxTP1NlAGYDNgE0Az1QPldgBSNRYAokUDkGZQRgBGBUY1A6BjJUPVRwCn1aLFAxUmFVZVYzC2QAewlvBWAGfVBhUz9TeQBoAzcBPwMyUG1XNwVnUWcKYVA2BjUEZwRoVDFQPQY2VD1UMwo9WjhQPVIwVWxWZQtiAG0JZwVmBmdQN1M8U2AAcQNlAWoDaVAqVyMFdlFjCiVQbQY0BG8EY1RsUD4GN1Q6VGUKK1ooUGVSPlUwVmcLawBlCWkFZwZlUGZTMFNvAG8DMwE0AytQIldwBWNRagogUDkGYQRkBGRUYlA9BjtUP1RvCj1aa1AqUiZVJVZ2C2sAZQlpBWcGZFBkUzhTYABvAzMBNQMjUHlXPwV1UTsKZlA1BmkEfARiVGBQOwYtVDlUZAo6WnJQPlJhVWU=,5206016,2022-03-20T17:40:33.412722Z,2022-03-20T17:40:34.357479Z,application/octet-stream
C:\Users\Administrator\Downloads\Xinyu·搜索一下.zip,https://developer.lanzoug.com/file/?AWdbZQ08BTRUXVdvAzYCblRrAztUU1Y9AGkDfFZ/UpEHsAa3CcQOxgKzBOYG8ADlU7EOiwO4UOoAjAAoBiBSOgFxWyoNNgU4VG5XZAMIAmpUagM7VD1WZQA2AzdWM1JgBzcGYwlyDjwCJwRvBmMAMFMwDjIDalBiADIAIAYqUiMBPFs+DWAFY1QwVy4DZwIyVCEDNFQyVnsANgNhVmhSNgdjBmAJYw5vAmEEMwZmAGBTaA5qA2hQNgBhADQGPFI3ATJbag1oBTNUYVcyA2ICM1Q9AzRUOFZiACkDf1ZjUiMHIQYkCScOPwImBDsGNgA8UzsOPANlUGEAMQAyBnxSJwFoW2ENNQU3VD9XMANhAjdUOQM+VDtWZQA+AzRWPFJ9BykGdwkyDjYCIwRvBmMAN1M9DjwDa1BrADIAMAZqUmYBJ1t5DSAFJlQ/VzADYQI3VD0DNVQzVmEAPwM9VjxSdQdyBjgJJA5nAmUEYwZrAC9TOw4+A21QfAA1ADQGbVJ9ATNbPg1g,1199605,2022-03-20T18:28:46.954848Z,2022-03-20T18:28:47.241952Z,application/octet-stream
C:\Users\Administrator\Downloads\[bbs.xiaolz.cn]谁在窥屏.dll,https://bbs.xiaolz.cn/forum.php?mod=attachment&aid=ODk3N3wyMWEwODRjOHwxNjQ3ODAxMTcxfDQ5Mjg1fDUxMjU%3D,2060288,2022-03-20T18:33:04.961526Z,2022-03-20T18:33:06.259631Z,application/octet-stream
C:\Users\Administrator\Downloads\Badlanders内部透视自瞄 v1.zip,https://www.steamcom.cn/forum.php?mod=attachment&aid=ODc4NXw4MjhlZDU3Y3wxNjQ3ODY0NjExfDEzOTA5fDc3OTQ%3D,166424,2022-03-21T12:10:35.182765Z,2022-03-21T12:10:35.745157Z,application/octet-stream
C:\Users\Administrator\Downloads\Xenos汉化修改版.zip,https://www.steamcom.cn/forum.php?mod=attachment&aid=NjQyN3wwMTIzNWU5M3wxNjQ3ODY0NjI5fDEzOTA5fDU3NjY%3D,1844204,2022-03-21T12:10:45.032471Z,2022-03-21T12:10:46.534951Z,application/octet-stream
C:\Users\Administrator\Desktop\109951166903979551.jpg,http://p1.music.126.net/_bA5zId07yLtZIdrJ4kAxg==/109951166903979551.jpg,350112,2022-03-22T04:54:09.711846Z,2022-03-22T04:54:11.925284Z,image/jpg
C:\Users\Administrator\Downloads\losecure.lua,https://cdn.discordapp.com/attachments/863957403548123146/922598721215160360/losecure.lua,701740,2022-03-22T07:24:27.429573Z,2022-03-22T07:24:27.779387Z,text/plain
C:\Users\Administrator\Downloads\小栗子2.9.2.zip,https://developer.lanzoug.com/file/?VDJUag8+V2YJAFRsUGVdMVplV28AulTmCoJaulaqAJYH4lCqXJFSNAd/VzhULl1uVyMHeAUzUyEDIgBgBTBbNlQxVFwPO1dnCWJUN1A9XW9aNldrAGlUZgo/WnpWbAByBzpQNVwzUjIHZFc4VDRdZFc/ByQFKlMhAzkANAVpW2hUZlQsD2JXMglwVDJQN11zWmFXYgBmVGcKbFo/VjoAMgc2UD5cOVI0B2BXNVQ2XThXPAc2BT5TYwMzADEFa1toVGxUMg9mVzcJZlQ3UGBdOFouVygANlQmCitaKVZ5AGQHdVBuXGVSOwdjVzJUMV1sVzkHNQViU3cDcABvBTRbP1QyVD4PY1c1CWtUNVA9XWhaM1dhAGlUZQojWnJWLABnB2tQcFw8UjcHZ1c1VDddZVc+BzQFbFNkAzwAIAUsWypUI1Q+D2NXNQlrVDNQNV1lWjZXawBnVGQKK1opVmMAcQc6UDZcMFI/B39XM1Q1XW1XIwcwBWhTZgMqADQFa1tq,22459482,2022-03-22T09:46:17.098859Z,2022-03-22T09:46:17.740801Z,application/octet-stream
C:\Users\Administrator\Downloads\小沐同学 (1).zip,https://developer.lanzoug.com/file/?BWMGOF1sDj8BCFZuCj9TP1tkAztf5Qu5BIxQsAHvAZAF4AXCD95S4wnyAvJULgV+BzQCd1ApBGAAblsxAjtXCQVsBjVdPQ5vAW5WMwpoU2RbMwM1XzYLLwRlUCUBYAExBTAFaw9hUjYJagJtVCYFdActAjpQPQQ2ADVbbwJxV2YFNAZ+XTAOaQF4VjIKblNrWzADZV9mCz0EZ1BkAWoBYgU3BTAPNlIyCToCZ1Q4BWYHZAJkUDgEYAA/W20CPVdjBWEGMl0yDmIBZVYuCiRTO1txAyBfdQt6BGZQJAE0AWQFOAVgD2FSNwlvAmBUNwU8B3sCc1BmBGsAYls7AmNXZwUzBmVdNw5jAWNWMwptU2tbMwMoXy4LLwRlUDoBKgE9BTQFZA9mUjEJZgJnVDYFMgdlAjNQKQRzAHdbKgJjV2cFMwZlXTEOawFuVjUKblNqWzMDIF91C2AEc1BrAWwBMQU8BXwPYFIzCW4CelQyBTYHagIpUD0ENAA3,1593059,2022-03-22T09:46:46.217045Z,2022-03-22T09:46:46.870879Z,application/octet-stream
C:\Users\Administrator\Downloads\语音唱歌.xlz.dll,https://download.kstore.space/download/2287/plugin_xiaobing/%E8%AF%AD%E9%9F%B3%E5%94%B1%E6%AD%8C.xlz.dll,2441216,2022-03-22T09:55:53.477507Z,2022-03-22T09:55:55.126301Z,application/x-msdownload
C:\Users\Administrator\Downloads\仅适配SDK420b及更高版本.zip,https://developer.lanzoug.com/file/?A2VTbQ4/VGVSWwY+BzICbltkAjpS6VPqUNIB7gbaVdZQuVeFW4tSVQETVEkDY1dkVz0BZl7kBIlQ3Va2VZJX4gPqU68Oy1TnUo0G2Ae1Ap9brQIpUndTOFAnASEGPFU9UDxXZVtZUm8BM1Q/A2JXYVc0ATNeOAQzUGdWYlUvVzADcFM5DmJUNFI3BmgHYQIwWzECP1IrUyFQJwE6BmhVZFBiVzFbKVI3AWVULQNmV2dXIgFiXjkEMFA0VjRVOFdkAzJTZQ4yVDlSNwY0B2ICZ1tlAmFSNFNlUDIBMAZpVTdQZVc2WzZSMgFlVDIDYldlVz4BKl57BG9QJ1Z2VXxXJQNmU3YOOlRkUjkGYQdmAjVbMAIxUj9TY1BxAXMGM1U5UDVXZls7UjcBYVQ2A2BXb1c5ATBeMAQzUGJWflUnV3ADZVNoDiRUPVI1BmYHZwI0WzgCM1I9U2FQbgEwBnxVIVAgV3dbO1I3AWFUMQNuV2RXPQE9XjkEMFBjVnZVfFc/A3NTOQ5iVDFSPQZ+B2ECNlswAilSP1NjUGABKQZoVWZQYA==,14382308,2022-03-22T09:59:29.601609Z,2022-03-22T09:59:30.128182Z,application/octet-stream
C:\Users\Administrator\Downloads\[bbs.xiaolz.cn]MicrosoftMineCraftDBTool_SourceCode.zip,https://bbs.xiaolz.cn/forum.php?mod=attachment&aid=NjE3MnxmYjMwZGQxOXwxNjQ3OTUyMzc0fDQ5Mjg1fDM2Njk%3D,683124,2022-03-22T12:33:16.207805Z,2022-03-22T12:33:16.662406Z,application/octet-stream
C:\Users\Administrator\Downloads\yyy_16149.zip,https://www.zdfans.com/html/16149.html,106785554,2022-03-22T12:35:16.137132Z,1601-01-01T00:00:00Z,application/zip
C:\Users\Administrator\Downloads\e58chs.rar,http://zj.downxia.com/down/e58chs.rar?key=1bad1f441d52d5813a8405b5be7ff685,103158790,2022-03-22T12:35:28.303951Z,1601-01-01T00:00:00Z,application/octet-stream
C:\Users\Administrator\Downloads\e58chs (1).rar,http://cnc.downxia.com/down/e58chs.rar?key=1bad1f441d52d5813a8405b5be7ff685,103158790,2022-03-22T12:35:34.922412Z,2022-03-22T12:37:13.382945Z,application/octet-stream
C:\Users\Administrator\Downloads\[bbs.xiaolz.cn]MicrosoftMineCraftDBTool_SourceCode (1).zip,https://bbs.xiaolz.cn/forum.php?mod=attachment&aid=NjE3Mnw1YjEwMjhiNXwxNjQ3OTUyNzg2fDQ5Mjg1fDM2Njk%3D,683124,2022-03-22T12:40:03.231986Z,2022-03-22T12:40:04.9095Z,application/octet-stream
C:\Users\Administrator\Downloads\易语言+舒适的颜色配色方案.zip,https://att.125.la/plugin.php?id=le3600_down&action=down_zc&aid=NjY0MjI4fDE2NDU1NWVkfDE2NDc5NTMxMDR8NTM0MzYwfDE0MDQ1NjU0&sign=ddadacdd292b31f2ad661ffd467d9f62,133207,2022-03-22T12:45:48.427256Z,2022-03-22T12:45:48.650281Z,application/x-zip-compressed
C:\Users\Administrator\Downloads\小栗子sdk4.6.4.zip,https://developer.lanzoug.com/file/?CW9Uag08VGUIAVFpUWQFaVdoAztR6wS2A4sA4F2hWswE4QH7CMUEI1NhAz5QMF1yBmoBKgBrU39QLVQ7VHhUcwlvVGoNPFRlCAFRblFhBTlXOwMyUTYEMwMyADBdOVppBCIBMAgmBG1TNwNsUDRdZQZvATIAeVMhUCdUb1Q6VGUJO1QxDX9UMAhtUShRNAUzVyIDM1FoBGIDZgA+XTRaagQ8AWYINwQ1U2YDZVA1XT0GOQFiAG1TMlBhVGtUblRsCW9UZg1nVGEIPFFlUT0FNVdpAyhRdARvA3QAIF10WigEYQEkCDwENFM4A2RQMV1qBm0BMgBtU2NQcVQmVGFUOAlsVGUNbVQxCGhRM1EyBT1XOAMyUT0ENQMzAChdL1p9BGIBOggiBG1TNANjUDBdawZlATEAbFNhUGFUZlQuVCAJeVR0DW1UMQhoUTNRMgUwVzQDM1E/BDADPQAgXXRaMgR0AWsIZARhUzwDe1A2XWkGbQEqAG1TY1BgVHxUOlRnCTk=,290936,2022-03-22T12:49:11.85383Z,2022-03-22T12:49:12.187314Z,application/octet-stream
C:\Users\Administrator\Downloads\yyy5zqb_jb51.rar,https://dwt4.jb51.net/201706/tools/yyy5zqb_jb51.rar,5480,2022-03-22T12:54:15.270876Z,2022-03-22T12:54:15.404741Z,application/octet-stream
C:\Users\Administrator\Downloads\yyypjbd_8698.zip,http://www.xue51.com/soft/8698.html,104199363,2022-03-22T12:54:32.755148Z,1601-01-01T00:00:00Z,application/zip
C:\Users\Administrator\Downloads\yyypjbd_8698 (1).zip,http://www.xue51.com/soft/8698.html,104199363,2022-03-22T12:54:52.221226Z,1601-01-01T00:00:00Z,application/zip
C:\Users\Administrator\Downloads\yyypjbd_8698.zip,http://www.xue51.com/soft/8698.html,104199363,2022-03-22T12:55:00.784615Z,1601-01-01T00:00:00Z,application/zip
C:\Users\Administrator\Downloads\yyy_16149.zip,https://www.zdfans.com/html/16149.html,106785554,2022-03-22T12:55:33.528811Z,1601-01-01T00:00:00Z,application/zip
C:\Users\Administrator\Downloads\loader (1).lua,https://cdn.discordapp.com/attachments/956113658667208724/956113661422874634/loader.lua,163505,2022-03-23T09:22:20.530591Z,2022-03-23T09:22:20.80106Z,text/plain
C:\Users\Administrator\Downloads\message (5).txt,https://cdn.discordapp.com/attachments/799319792997236736/942260732806987796/message.txt,18516,2022-03-23T09:28:02.268285Z,2022-03-23T09:28:02.466653Z,text/plain
C:\Users\Administrator\Downloads\obj_wo3DlMOGwrbDjj7DisKw_11998531547_3bbd_43a4_babc_dcef0f853910722fccae177ab773520c.mp3,https://m701.music.126.net/20220323224932/b9896bdc7e29b4bd53354bfbefaecfab/jdymusic/obj/wo3DlMOGwrbDjj7DisKw/11998531547/3bbd/43a4/babc/dcef0f853910722fccae177ab773520c.mp3,2347720,2022-03-23T14:24:47.228825Z,2022-03-23T14:24:47.429622Z,audio/mpeg
C:\Users\Administrator\Downloads\Adaptive_Weapons.lua,https://cdn.discordapp.com/attachments/951393510995677204/956003593452916806/Adaptive_Weapons.lua,12002,2022-03-24T10:38:21.202179Z,2022-03-24T10:38:21.555986Z,text/plain
C:\Users\Administrator\Downloads\message (6).txt,https://cdn.discordapp.com/attachments/951393510995677204/956003592639250462/message.txt,16732,2022-03-24T10:38:49.282766Z,2022-03-24T10:38:49.536864Z,text/plain
C:\Users\Administrator\Downloads\message (7).txt,https://cdn.discordapp.com/attachments/951393510995677204/956003592639250462/message.txt,16732,2022-03-24T10:55:12.726129Z,2022-03-24T10:55:12.951913Z,text/plain
C:\Users\Administrator\Downloads\obj_wo3DlMOGwrbDjj7DisKw_13004216113_da4e_ab6f_7520_f52642b6e8abd0b0aaed5da3daac8bce.mp3,https://m801.music.126.net/20220325193239/cd9bccf37a620cd8a8c7088061b4c828/jdymusic/obj/wo3DlMOGwrbDjj7DisKw/13004216113/da4e/ab6f/7520/f52642b6e8abd0b0aaed5da3daac8bce.mp3,2145010,2022-03-25T11:07:56.421351Z,2022-03-25T11:07:58.79075Z,application/octet-stream
C:\Users\Administrator\Downloads\[bbs.xiaolz.cn]@Sudoria_伪造聊天_RC.dll,https://bbs.xiaolz.cn/forum.php?mod=attachment&aid=OTE0OHwxMjY3OTcyZnwxNjQ4MjI0NDcyfDQ5Mjg1fDUxODQ%3D,2019328,2022-03-25T16:08:14.094056Z,2022-03-25T16:08:15.331111Z,application/octet-stream
C:\Users\Administrator\Downloads\Inter-SemiBold_1.ttf,https://cdn.discordapp.com/attachments/956754649715720202/957063586407153686/Inter-SemiBold_1.ttf,710040,2022-03-26T02:18:26.304155Z,2022-03-26T02:18:26.452656Z,application/font-sfnt
C:\Users\Administrator\Downloads\radiant_371135261385424897.lua,https://cdn.discordapp.com/attachments/957099401086656532/957101336531468309/radiant_371135261385424897.lua,158241,2022-03-26T02:22:05.909394Z,2022-03-26T02:22:06.11854Z,text/plain
C:\Users\Administrator\Downloads\Untitled design.png,https://app.bannersnack.com/banner-creator/editor/edit/?hash=bdn54p3jz,21740,2022-03-26T02:35:42.545598Z,2022-03-26T02:35:42.874652Z,image/png
C:\Users\Administrator\Downloads\Untitled design.png,https://app.bannersnack.com/banner-creator/editor/edit/?hash=bdn54p3jz,19394,2022-03-26T02:38:06.040693Z,2022-03-26T02:38:06.343977Z,image/png
C:\Users\Administrator\Downloads\Untitled design (1).png,https://app.bannersnack.com/banner-creator/editor/edit/?hash=bdn54p3jz,19447,2022-03-26T02:38:46.929657Z,2022-03-26T02:38:47.218704Z,image/png
C:\Users\Administrator\Downloads\Untitled design (1).png,https://app.bannersnack.com/banner-creator/editor/edit/?hash=bdn54p3jz,19416,2022-03-26T02:39:27.204279Z,2022-03-26T02:39:27.496708Z,image/png
C:\Users\Administrator\Downloads\Untitled design (1).png,https://app.bannersnack.com/banner-creator/editor/edit/?hash=bdn54p3jz,20028,2022-03-26T02:40:15.830456Z,2022-03-26T02:40:16.110142Z,image/png
C:\Users\Administrator\Downloads\Untitled design (1).png,https://app.bannersnack.com/banner-creator/editor/edit/?hash=bdn54p3jz,20155,2022-03-26T02:41:02.258565Z,2022-03-26T02:41:02.561941Z,image/png
C:\Users\Administrator\Downloads\Untitled design (1).png,https://app.bannersnack.com/banner-creator/editor/edit/?hash=bdn54p3jz,20244,2022-03-26T02:41:46.386692Z,2022-03-26T02:41:46.651974Z,image/png
C:\Users\Administrator\Downloads\radiant_371135261385424897 (1).lua,https://cdn.discordapp.com/attachments/957099401086656532/957213956257234964/radiant_371135261385424897.lua,158241,2022-03-26T09:47:51.544884Z,2022-03-26T09:47:51.85079Z,text/plain
C:\Users\Administrator\Downloads\radiant_371135261385424897 (2).lua,https://cdn.discordapp.com/attachments/957099401086656532/957220661129015356/radiant_371135261385424897.lua,190981,2022-03-26T10:13:33.552942Z,2022-03-26T10:13:33.761113Z,text/plain
C:\Users\Administrator\Downloads\javasyV2Loader.rar,https://www.javasy.net/panel/,253363,2022-03-26T13:51:16.365859Z,2022-03-26T13:51:16.719157Z,application/rar
C:\Users\Administrator\Downloads\javasyV2Loader (1).rar,https://www.javasy.net/panel/,253363,2022-03-27T07:33:33.114934Z,2022-03-27T07:33:33.370573Z,application/rar
C:\Users\Administrator\Downloads\2.27.rar,https://cdn.discordapp.com/attachments/914509796814753881/947379618774650880/2.27.rar,76053,2022-03-27T07:53:33.90507Z,2022-03-27T07:53:34.077492Z,application/rar
C:\Users\Administrator\Downloads\12.3.rar,https://cdn.discordapp.com/attachments/914509796814753881/916238790195036180/12.3.rar,616705,2022-03-27T07:53:47.248072Z,2022-03-27T07:53:47.497837Z,application/rar
C:\Users\Administrator\Downloads\SNK V69.rar,https://developer.lanzoug.com/file/?VzFXaQEwVGUACQoyBDFQPFBvV29RXQdLBUlVc1FbV2AJMAV8XnEPOgImB3dTYVA4BDJTMwUFUzhQM1phVjxUYFdhVzYBblQwAGEKbgR2UDdQeVdvUTkHNgUyVWFRNFdlCTkFdF5zDysCaQdjUzdQYwRsU3kFalNiUHhablY8VHpXZVc4AT5UZQBnCjkEM1A0UGxXMVE2BzAFN1U1UWlXNAk6BTZeZg84AjcHYVM+UGgEa1NmBWJTaVBgWj1WOlRnV3lXcgE9VHIAcAopBCNQNFB4VztRagc4BTNVY1E+V2YJOQViXiUPLwI9BzxTYlA3BGNTZwVsU2VQb1pvVj1UYFdmVzgBZFQuAHgKegQ2UD1QfVdvUT8HMwU2VWtRPldhCToFal42D2kCcgckU3dQJgRjU2cFbFNlUG9ablY4VGFXYlc1AW9UJgAjCjUEIFBsUDtXY1E+BysFMFVnUTlXeAk4BWJeMg91AmE=,7302930,2022-03-27T09:43:09.366863Z,2022-03-27T09:43:10.333801Z,application/octet-stream
C:\Users\Administrator\Downloads\future_register.lua,https://cdn.discordapp.com/attachments/929206984991973386/929666031188852766/future_register.lua,290658,2022-03-27T12:17:05.149428Z,2022-03-27T12:17:05.314752Z,text/plain
C:\Users\Administrator\Downloads\future_loader.lua,https://cdn.discordapp.com/attachments/929206984991973386/933408635525148682/future_loader.lua,214629,2022-03-27T12:17:13.283792Z,2022-03-27T12:17:13.490528Z,text/plain
C:\Users\Administrator\Downloads\message (8).txt,https://cdn.discordapp.com/attachments/941437554748694560/941440896283594762/message.txt,9280,2022-03-27T12:18:15.924473Z,2022-03-27T12:18:16.0517Z,text/plain
C:\Users\Administrator\Downloads\message_1.txt,https://cdn.discordapp.com/attachments/951393510995677204/957345391425249280/message_1.txt,20280,2022-03-27T15:45:25.903904Z,2022-03-27T15:45:26.054517Z,text/plain
C:\Users\Administrator\Downloads\Future.lua,https://futurelua.xyz/panel,374737,2022-03-27T16:03:14.034311Z,2022-03-27T16:03:14.194602Z,application/octet-stream
C:\Users\Administrator\Downloads\v1.0.10.zh.zip,https://github.com/haidaoteam/SteamDesktopAuthenticator/releases/download/v1.0.10.zh/v1.0.10.zh.zip,56367663,2022-03-28T11:40:37.720424Z,2022-03-28T11:40:48.686501Z,application/octet-stream
,http://dx.tengyuanshi.com:82/Steamyanhaoqiv1.3.zip,18911351,2022-03-28T11:43:11.227089Z,1601-01-01T00:00:00Z,application/x-zip-compressed
,http://dx.tengyuanshi.com:82/Steamyanhaoqiv1.3.zip,18911351,2022-03-28T11:43:14.651983Z,1601-01-01T00:00:00Z,application/x-zip-compressed
C:\Users\Administrator\Downloads\3H3steamyhq.rar,http://th1.3h3.com/3H3steamyhq.rar?key=04b4e44d6e737382529c4737aa15dd1f,7204644,2022-03-28T11:43:40.261281Z,2022-03-28T11:44:08.14596Z,application/octet-stream
C:\Users\Administrator\Downloads\winrar-x64-611.exe,https://www.win-rar.com/postdownload.html,3473784,2022-03-28T11:47:38.47318Z,2022-03-28T11:47:44.04687Z,application/octet-stream
C:\Users\Administrator\Downloads\SteamSetup.exe,https://store.steampowered.com/about/,2296488,2022-03-28T11:49:23.155671Z,2022-03-28T11:49:23.304777Z,application/octet-stream
C:\Users\Administrator\Downloads\QiYouInstaller__20220321_105042_channel10.exe,https://pan.qiyou.cn/6.3.23/QiYouInstaller__20220321_105042_channel10.exe,54400776,2022-03-28T11:50:03.21896Z,2022-03-28T11:50:04.345091Z,application/x-msdownload
C:\Users\Administrator\Downloads\4831_e469_3558_d5e2bd7a328072eb01216a3ef07ac357.mp3,https://m10.music.126.net/20220329003753/64f2dd8a999cd41fdd4a48de049f740a/ymusic/4831/e469/3558/d5e2bd7a328072eb01216a3ef07ac357.mp3,4322231,2022-03-28T16:15:43.916374Z,2022-03-28T16:15:44.152577Z,audio/mpeg
C:\Users\Administrator\Downloads\obj_wo3DlMOGwrbDjj7DisKw_12701042117_c413_ce7c_bf8d_afb0d692f45ca5efde658d4dcc83e7b7.mp3,https://m701.music.126.net/20220329004301/369a81811e6e6b45d55567e51e732730/jdymusic/obj/wo3DlMOGwrbDjj7DisKw/12701042117/c413/ce7c/bf8d/afb0d692f45ca5efde658d4dcc83e7b7.mp3,728964,2022-03-28T16:18:13.214816Z,2022-03-28T16:18:13.31445Z,audio/mpeg
C:\Users\Administrator\Downloads\obj_wo3DlMOGwrbDjj7DisKw_10374875191_9039_ee7a_b5ae_c1894cd09bcf58b9c52abdc1acc72616.mp3,https://m701.music.126.net/20220329004624/508f97567dcbea6906cfe1f45bf645ee/jdymusic/obj/wo3DlMOGwrbDjj7DisKw/10374875191/9039/ee7a/b5ae/c1894cd09bcf58b9c52abdc1acc72616.mp3,3272246,2022-03-28T16:21:30.886394Z,2022-03-28T16:21:31.107803Z,audio/mpeg
C:\Users\Administrator\Downloads\0e52_0152_055b_98ae13593368484150d121ba28a6a155.mp3,https://m10.music.126.net/20220329004652/c73406516f4180c5c866d12b1a6eb91b/ymusic/0e52/0152/055b/98ae13593368484150d121ba28a6a155.mp3,2731407,2022-03-28T16:21:57.127695Z,2022-03-28T16:21:57.297109Z,audio/mpeg
C:\Users\Administrator\Downloads\obj_w5zDlMODwrDDiGjCn8Ky_3662000010_1491_fb1c_ff8a_36e03b90ab56e9d93c92ad23d1e5da90.mp3,https://m10.music.126.net/20220329004741/5965d6c72a1284673954a8ef97e63053/ymusic/obj/w5zDlMODwrDDiGjCn8Ky/3662000010/1491/fb1c/ff8a/36e03b90ab56e9d93c92ad23d1e5da90.mp3,3156471,2022-03-28T16:22:48.218571Z,2022-03-28T16:22:48.45107Z,audio/mpeg
C:\Users\Administrator\Downloads\268d_7f39_9d1f_b2e11b3e86ea6c6108cca9d882af3f9d.mp3,https://m10.music.126.net/20220329004804/3a9b0625dc19c7bc333f70bbcc4942cd/ymusic/268d/7f39/9d1f/b2e11b3e86ea6c6108cca9d882af3f9d.mp3,5588678,2022-03-28T16:23:11.486968Z,2022-03-28T16:23:11.780746Z,audio/mpeg
C:\Users\Administrator\Downloads\0bfe_142a_f8dd_dba327776596fa419e3c8fa6d4c4de43.mp3,https://m10.music.126.net/20220329004827/32ae73a6cb2aebe2f58791049bd5eff6/ymusic/0bfe/142a/f8dd/dba327776596fa419e3c8fa6d4c4de43.mp3,4337206,2022-03-28T16:23:34.947959Z,2022-03-28T16:23:35.218737Z,audio/mpeg
C:\Users\Administrator\Downloads\obj_w5zDlMODwrDDiGjCn8Ky_13442497097_8218_71a8_1918_50f36ce4078d34f1d7d445a52313d298.mp3,https://m10.music.126.net/20220329005204/3bbcca2f5047c965f72f70b3f74326b0/ymusic/obj/w5zDlMODwrDDiGjCn8Ky/13442497097/8218/71a8/1918/50f36ce4078d34f1d7d445a52313d298.mp3,4054666,2022-03-28T16:27:07.538031Z,2022-03-28T16:27:07.713876Z,application/octet-stream
C:\Users\Administrator\Downloads\obj_w5zDlMODwrDDiGjCn8Ky_13442497097_8218_71a8_1918_50f36ce4078d34f1d7d445a52313d298 (1).mp3,https://m10.music.126.net/20220329005204/3bbcca2f5047c965f72f70b3f74326b0/ymusic/obj/w5zDlMODwrDDiGjCn8Ky/13442497097/8218/71a8/1918/50f36ce4078d34f1d7d445a52313d298.mp3,4054666,2022-03-28T16:27:37.301441Z,2022-03-28T16:27:37.454881Z,application/octet-stream
C:\Users\Administrator\Downloads\obj_wo3DlMOGwrbDjj7DisKw_5277530977_d424_8987_4d8b_78f54fcbfe26dd1b06a5f76b9a4fa8a6.mp3,https://m801.music.126.net/20220329005334/b414b1fa1517524b8c3ac7d6f8e9853c/jdymusic/obj/wo3DlMOGwrbDjj7DisKw/5277530977/d424/8987/4d8b/78f54fcbfe26dd1b06a5f76b9a4fa8a6.mp3,4332191,2022-03-28T16:28:43.555742Z,2022-03-28T16:28:43.747328Z,audio/mpeg
C:\Users\Administrator\Downloads\obj_wo3DlMOGwrbDjj7DisKw_11924226976_7560_0549_41ff_1c48bc3a564f765de79b3862746f6b57.mp3,https://m801.music.126.net/20220329005412/5e6072ce3ae4bf7f7270219af9fec139/jdymusic/obj/wo3DlMOGwrbDjj7DisKw/11924226976/7560/0549/41ff/1c48bc3a564f765de79b3862746f6b57.mp3,1440331,2022-03-28T16:29:17.019353Z,2022-03-28T16:29:17.127505Z,audio/mpeg
C:\Users\Administrator\Downloads\obj_w5zDlMODwrDDiGjCn8Ky_1996553607_ba6e_ad73_a353_92f2a6b8312b06979d912cd02078e715.mp3,https://m801.music.126.net/20220329005444/57184678f0966286edcdcacbca15499a/jdymusic/obj/w5zDlMODwrDDiGjCn8Ky/1996553607/ba6e/ad73/a353/92f2a6b8312b06979d912cd02078e715.mp3,4084759,2022-03-28T16:29:51.787438Z,2022-03-28T16:29:51.972201Z,audio/mpeg
C:\Users\Administrator\Downloads\obj_wo3DlMOGwrbDjj7DisKw_5514953402_b6a5_9020_1535_df35b9aea3a0f2a5faf1de8657e640a6.mp3,https://m801.music.126.net/20220329005512/722c54701be31b09452b47196706cd31/jdymusic/obj/wo3DlMOGwrbDjj7DisKw/5514953402/b6a5/9020/1535/df35b9aea3a0f2a5faf1de8657e640a6.mp3,3937637,2022-03-28T16:30:21.107498Z,2022-03-28T16:30:21.284611Z,audio/mpeg
C:\Users\Administrator\Downloads\obj_wo3DlMOGwrbDjj7DisKw_5516450572_5e3b_9301_fbc0_317b7ad0fbeaac3514c89a4bc75fe564.mp3,https://m801.music.126.net/20220329005723/2116d5109ea486f1183801a81632055d/jdymusic/obj/wo3DlMOGwrbDjj7DisKw/5516450572/5e3b/9301/fbc0/317b7ad0fbeaac3514c89a4bc75fe564.mp3,3575853,2022-03-28T16:32:34.486431Z,2022-03-28T16:32:34.685676Z,audio/mpeg
C:\Users\Administrator\Downloads\obj_wo3DlMOGwrbDjj7DisKw_10076903508_5095_254f_14c3_0b52d7dce5da89850124483c6c620dab.mp3,https://m701.music.126.net/20220329005834/01c956dc778e4b9e689285bdd4528145/jdymusic/obj/wo3DlMOGwrbDjj7DisKw/10076903508/5095/254f/14c3/0b52d7dce5da89850124483c6c620dab.mp3,3352076,2022-03-28T16:33:49.836149Z,2022-03-28T16:33:49.996442Z,audio/mpeg
C:\Users\Administrator\Downloads\obj_wo3DlMOGwrbDjj7DisKw_11787760420_5a3f_6045_e9a4_ca8137fc2b4add91e17d12d0576e7496.mp3,https://m801.music.126.net/20220329010024/06525010c58fc937358e7c5350ca49ac/jdymusic/obj/wo3DlMOGwrbDjj7DisKw/11787760420/5a3f/6045/e9a4/ca8137fc2b4add91e17d12d0576e7496.mp3,10620387,2022-03-28T16:35:33.697847Z,2022-03-28T16:35:34.071886Z,audio/mpeg
C:\Users\Administrator\Downloads\337e_4c29_937b_5679bd6a8c8ce90f3ab5fe9e11304794.mp3,https://m10.music.126.net/20220329010109/8de67cb406de73f2e3cfe452dd4121be/ymusic/337e/4c29/937b/5679bd6a8c8ce90f3ab5fe9e11304794.mp3,3604942,2022-03-28T16:36:16.867817Z,2022-03-28T16:36:17.032327Z,audio/mpeg
C:\Users\Administrator\Downloads\b6e1_22e5_b7e5_41e1ef8758f88efb061d812821b963ab.mp3,https://m10.music.126.net/20220329010134/a23f4da8bf34eae8366667dbd0e67634/ymusic/b6e1/22e5/b7e5/41e1ef8758f88efb061d812821b963ab.mp3,9060353,2022-03-28T16:37:17.841672Z,2022-03-28T16:37:18.148539Z,audio/mpeg
C:\Users\Administrator\Downloads\48b4_511c_e3b3_4cbf9317926ad56f3f3614aa21bca9ab.mp3,https://m10.music.126.net/20220329010233/8c01f085e1f8fe09f45b1859c8ebce7b/ymusic/48b4/511c/e3b3/4cbf9317926ad56f3f3614aa21bca9ab.mp3,14706982,2022-03-28T16:37:53.711284Z,2022-03-28T16:37:54.187098Z,audio/mpeg
C:\Users\Administrator\Downloads\obj_wo3DlMOGwrbDjj7DisKw_10481865289_4df1_9bdb_08a0_949feafca903a79d90694ebd06addecb.mp3,https://m801.music.126.net/20220329010304/5a00a0d94fc3c7c39ee0c7159d10a929/jdymusic/obj/wo3DlMOGwrbDjj7DisKw/10481865289/4df1/9bdb/08a0/949feafca903a79d90694ebd06addecb.mp3,4370225,2022-03-28T16:38:08.714228Z,2022-03-28T16:38:08.908287Z,audio/mpeg
C:\Users\Administrator\Downloads\obj_w5zDlMODwrDDiGjCn8Ky_3058485800_32dc_53e5_69e8_718576784d3baa2c5488cd4af13cd155.mp3,https://m10.music.126.net/20220329010323/56b2a76435da9fbfbd140b617d32226a/ymusic/obj/w5zDlMODwrDDiGjCn8Ky/3058485800/32dc/53e5/69e8/718576784d3baa2c5488cd4af13cd155.mp3,4173366,2022-03-28T16:38:28.565995Z,2022-03-28T16:38:28.746619Z,audio/mpeg
C:\Users\Administrator\Downloads\obj_w5zDlMODwrDDiGjCn8Ky_13296513355_68d3_e89c_76df_11499ee309c2bc53b57497c7c1b26298.mp3,https://m10.music.126.net/20220329010350/8b0e0c6cc6ce2714a2bad418ab159cda/ymusic/obj/w5zDlMODwrDDiGjCn8Ky/13296513355/68d3/e89c/76df/11499ee309c2bc53b57497c7c1b26298.mp3,11623725,2022-03-28T16:38:56.060777Z,1601-01-01T00:00:00Z,audio/mpeg
C:\Users\Administrator\Downloads\obj_w5zDlMODwrDDiGjCn8Ky_13296513355_68d3_e89c_76df_11499ee309c2bc53b57497c7c1b26298.mp3,https://m10.music.126.net/20220329010350/8b0e0c6cc6ce2714a2bad418ab159cda/ymusic/obj/w5zDlMODwrDDiGjCn8Ky/13296513355/68d3/e89c/76df/11499ee309c2bc53b57497c7c1b26298.mp3,11623725,2022-03-28T16:39:07.158136Z,2022-03-28T16:39:11.025756Z,audio/mpeg
C:\Users\Administrator\Downloads\obj_w5zDlMODwrDDiGjCn8Ky_13296513355_68d3_e89c_76df_11499ee309c2bc53b57497c7c1b26298 (1).mp3,https://m10.music.126.net/20220329010350/8b0e0c6cc6ce2714a2bad418ab159cda/ymusic/obj/w5zDlMODwrDDiGjCn8Ky/13296513355/68d3/e89c/76df/11499ee309c2bc53b57497c7c1b26298.mp3,11623725,2022-03-28T16:39:17.960145Z,2022-03-28T16:39:18.330182Z,audio/mpeg
C:\Users\Administrator\Downloads\obj_wo3DlMOGwrbDjj7DisKw_13505401983_88c7_a681_0b25_cc1c07f1441f13b9b9e15963330e1e23.mp3,https://m701.music.126.net/20220329010439/3750c31f7c73a317e5e29e4ce4fff463/jdymusic/obj/wo3DlMOGwrbDjj7DisKw/13505401983/88c7/a681/0b25/cc1c07f1441f13b9b9e15963330e1e23.mp3,2983436,2022-03-28T16:39:44.68928Z,2022-03-28T16:39:44.842176Z,audio/mpeg
C:\Users\Administrator\Downloads\perfectworldarena_win32_v1.0.22032511.exe,https://pvp.wanmei.com/,191340696,2022-03-30T11:20:51.01552Z,2022-03-30T11:21:08.767509Z,application/octet-stream
C:\Users\Administrator\Downloads\26e7_4ae6_cf3a_8a82a807a9515333e6bf181123d49fb3.mp3,https://m10.music.126.net/20220331151851/5c86a6f47dc836b7a301aa8e214e9a7a/ymusic/26e7/4ae6/cf3a/8a82a807a9515333e6bf181123d49fb3.mp3,3177930,2022-03-31T06:54:03.059662Z,2022-03-31T06:54:03.257041Z,audio/mpeg
C:\Users\Administrator\Downloads\MonolithLoader.rar,https://monolith.club/index.php?threads/loader.45/,7369306,2022-03-31T07:52:38.784449Z,2022-03-31T07:52:43.976651Z,application/pdf
C:\Users\Administrator\Downloads\VC_redist.x86.exe,https://aka.ms/vs/16/release/vc_redist.x86.exe,13787064,2022-03-31T08:23:22.837774Z,2022-03-31T08:23:59.69896Z,application/octet-stream
C:\Users\Administrator\Downloads\DXSDK_Jun10.exe,https://download.microsoft.com/download/A/E/7/AE743F1F-632B-4809-87A9-AA1BB3458E31/DXSDK_Jun10.exe,599455936,2022-03-31T08:23:27.750866Z,1601-01-01T00:00:00Z,application/octet-stream
C:\Users\Administrator\Downloads\VC_redist.x64.exe,https://aka.ms/vs/16/release/vc_redist.x64.exe,25226464,2022-03-31T08:24:08.945214Z,2022-03-31T08:25:05.336063Z,application/octet-stream
C:\Users\Administrator\Downloads\DXSDK_Jun10.exe,https://download.microsoft.com/download/A/E/7/AE743F1F-632B-4809-87A9-AA1BB3458E31/DXSDK_Jun10.exe,599455936,2022-03-31T08:25:57.597889Z,1601-01-01T00:00:00Z,application/octet-stream
C:\Users\Administrator\Downloads\MonolithLoader (1).rar,https://monolith.club/index.php?threads/loader.45/,7369306,2022-03-31T08:52:47.740093Z,2022-03-31T08:52:50.857122Z,application/pdf
C:\Users\Administrator\Downloads\wallpoet.zip,https://www.1001freefonts.com/wallpoet.font,22250,2022-03-31T09:25:49.815538Z,2022-03-31T09:25:49.963136Z,application/zip
C:\Users\Administrator\Downloads\temporary_fix_for_get_text_size_cytex.as.as,https://monolith.club/index.php?attachments/temporary_fix_for_get_text_size_cytex-as-as.278/,30176,2022-03-31T09:50:48.93485Z,2022-03-31T09:50:49.385491Z,application/octet-stream
C:\Users\Administrator\Downloads\cytex.as,https://monolith.club/index.php?attachments/cytex-as.269/,30176,2022-03-31T09:51:41.175316Z,2022-03-31T09:51:41.626519Z,application/octet-stream
C:\Users\Administrator\Downloads\AntiAim.as,https://monolith.club/index.php?attachments/antiaim-as.967/,3086,2022-03-31T09:57:39.189434Z,2022-03-31T09:57:39.369975Z,application/octet-stream
C:\Users\Administrator\Downloads\DuckyAA.as,https://monolith.club/index.php?attachments/duckyaa-as.1070/,4464,2022-03-31T10:06:10.528221Z,2022-03-31T10:06:10.74278Z,application/octet-stream
C:\Users\Administrator\Downloads\scope.as,https://monolith.club/index.php?attachments/scope-as.825/,7300,2022-03-31T10:09:25.610687Z,2022-03-31T10:09:25.792991Z,application/octet-stream
C:\Users\Administrator\Downloads\perfectworldarena_win32_v1.0.22033112.exe,https://pvp.wanmei.com/,191814184,2022-03-31T11:57:49.257259Z,2022-03-31T11:58:18.950417Z,application/octet-stream
C:\Users\Administrator\Desktop\channels4_profile.jpg,https://yt3.ggpht.com/croN5XfryubqyiKjlMkntEEU6qPLKlyN5rtdDwSGPI_S0Oca2Hjk3zzaJi8A2DRorpcqNwNx=s88-c-k-c0x00ffffff-no-rj,4045,2022-04-02T03:25:56.954153Z,2022-04-02T03:25:58.694181Z,image/jpeg
C:\Users\Administrator\Desktop\channels4_profile (1).jpg,https://yt3.ggpht.com/bdtNyYulVjouXcyVfO5ZFzkKVJII43qIJn__daid2QG42RxVfIlx7ZB1p4vjpjX-Y_u5b2Ifql0=s88-c-k-c0x00ffffff-no-rj,1850,2022-04-02T03:28:37.474218Z,2022-04-02T03:28:39.14803Z,image/jpeg
C:\Users\Administrator\Desktop\channels4_profile.jpg,https://yt3.ggpht.com/_DQkmmuvffmbhIh893gJE0Uz4MlFm2nMVNlR34kOgBFfTogcEcZmojG774ustimp6U_eMFRc4YQ=s88-c-k-c0x00ffffff-no-rj,5537,2022-04-02T03:33:19.203751Z,2022-04-02T03:33:20.791373Z,image/jpeg
C:\Users\Administrator\Desktop\109951165716261340.jpg,http://p1.music.126.net/hO_eFOQ-jaWsuI9E0WCOCA==/109951165716261340.jpg,83407,2022-04-02T03:38:04.727927Z,2022-04-02T03:38:06.32764Z,image/jpg
C:\Users\Administrator\Downloads\天选.zip,https://developer.lanzoug.com/file/?AWdRb1prUGEBCFNrCj8GagA/BDwHvQWjCqRQvwHdUdkDLQIvADRUcAl5VmYHOlM+AT4EXl9pAWdRa1FhUD5bbwEyUTZaNlA1AWVTIwo4BnQAZwQyB24FMwo4UG8BbVFkAyUCJQAtVD0JbVYwB2FTYAF0BDFfMgEsUWdRYFAjW2gBOVFnWjdQYQFvUzUKbAZmAGIEZAc+BWEKbFA1AThRMgM0AmMAblQzCW5WNgcxU2EBaAQyXzkBNVEzUTVQNFt0AXtRb1p3UCIBIlN2CjsGdQAzBGUHZQU0Cj9QYAFkUWQDMQJzAClUaQkyVmUHNVNvAWoEN180ATtRb1FgUDVbbgE5UTVaKVAqAXFTYwoyBnAAZwQwB24FMwo1UG8BalFlAzUCYABuVCYJKlZwByRTbwFqBDdfNAE2UWZRYVA0W2wBM1E0WiFQcQE+U3UKYwY2AGsEMQd2BTUKOVBiAXNRYQMzAmQAc1Q1,3645904,2022-04-03T09:34:54.320932Z,2022-04-03T09:34:55.248739Z,application/octet-stream
C:\Users\Administrator\Downloads\top.7z,https://developer.lanzoug.com/file/?BWNTbQ4/AjMBCAszAzZQPFNsADhQe1Q5AnUBKQZtA3gAJgc2CDwAOFNgAgsAPVQxB2ACMVA7ADJVYQQzXDAHMwU2UyIONQIlAWoLbANlUGJTMAAyUDlUYgIyASEGKgNyAD0HYghlAGZTNwJ7AGRUZgdyAjdQOQAtVWYEMlxmB2MFZlNlDmUCZQExC28DblBoU20ANFA5VDQCNAE3Bj4DZAAzB2EINABsUzwCYwAyVGcHPAJlUDkAZlV8BDVcegcgBXBTdw42AiQBPgs5A2pQYlM7ADNQNlRiAjcBIQYuA2sAbQc1CDMAaVM0AmIAYFRtB2QCMFA2ADdVYQQ7XC4HKAUjU2IOPwIhAWoLbANhUGVTMQA8UDhUYQI9ATcGYwMkAHUHIAgiAGlTNAJiAGBUYwdoAjBQPQA2VWsEMVwmB3MFbFN0Dm4CZwFmC20DeVBjUz0AMVAhVGcCNQE2BnQDNw==,12397647,2022-04-03T09:35:49.829556Z,2022-04-03T09:35:51.421514Z,application/octet-stream
C:\Users\Administrator\Downloads\xyz.7z,https://developer.lanzoug.com/file/?AGZUags6BzYFDAszADUFaQE+V29TdFQvUSxWfgBrVS4JL1prW28COgEyAwoLNgdiVDMDMAVuAzEDNwA3UD8ANQA2VCULMAcgBW4LbABmBTcBYldlUzpUYlFhVnYALFUkCTRaP1s2AmQBZQN6C28HNVQhAzYFbAMuA2UAPlBtADAAOVQwCzQHYQVkC2gAYQU0ATpXN1NvVGNRZ1YyAD9VZglrWjhbYAIzATYDZwtmB2VUPgM/BT4DNwMqADFQdgAnAHVUcAszByEFOgs5AGkFNwFpV2RTNVRiUWRWdgAoVT0JZFpoW2ACawFmA2MLawc+VDcDMQVjAzQDMQA/UCIALwAmVGULOgckBW4LbABiBTABY1drUzpUZFFmVmgAblVyCXxafVtxAmsBZgNjC2sHMFQ7AzEFaAM3AzQAP1AqAHQAaVRzC2sHYgViC20AegU2AW9XZlMiVGdRZlZhAHJVYQ==,12397647,2022-04-03T09:36:09.703553Z,2022-04-03T09:36:10.589103Z,application/octet-stream
C:\Users\Administrator\Downloads\【10.12】求生之路2线上多人透视自瞄辅助.zip,https://www.steamcom.cn/forum.php?mod=attachment&aid=MTA5NDd8NGY2MmQ5M2F8MTY0ODk4MTczMnwxMzkwOXw5NzU0,86813,2022-04-03T10:29:07.429125Z,2022-04-03T10:29:07.872369Z,application/octet-stream
C:\Users\Administrator\Downloads\045d_0409_060c_37fa9261943c80be4d601fee19ddc3b2.mp3,https://m10.music.126.net/20220403223912/700c0ec4ebc787db81371cf5c1c9e3dd/ymusic/045d/0409/060c/37fa9261943c80be4d601fee19ddc3b2.mp3,2926176,2022-04-03T14:14:23.855635Z,2022-04-03T14:14:24.125216Z,audio/mpeg
C:\Users\Administrator\Downloads\小助手_v145B.exe,https://developer.lanzoug.com/file/?UzVTbQ08U2JUXVZuBTBcMAE+BDxf5Qa0V98B4gLUVPxVs1qEDtgGDQEhC2wCYgYyBBwDKAQ+VixWNFR0V21XP1M/U2END1NuVGZWPQVnXGkBaQQ2XzUGMldjATICeFQzVSZaMA5iBmYBZAtqAm4GPgRvAzAEfVYkViFUb1c5V2ZTYVM2DX9TN1QxVi8FYVxkAXQEYl9hBmdXaAFhAmxUbVUzWmwOZgZiAW8LaAIyBjAEPQMzBDpWZlZiVGRXPldlU2RTZQ1kU2VUZlY5BWNcagE9BC9fZQZ8VzUBIQIrVCZVMFp/DjoGNgFqC2UCYgY3BG4DNQRpVnJWJVQ7V2ZXM1M1UzkNYVMxVDZWOQVhXGoBbQQ5XzUGPVd+ASkCeFQzVTlaeg5uBmMBYQtpAm8GNwRqAzIEaVZmVmJUdFd+VyZTJFM5DWFTMVQ2VjYFaVxuAWwEOV85BjFXdgFyAjdUJVVoWjwOYgZiAXkLbwJiBjMEcAM3BGtWZVZ/VGc=,14378916,2022-04-04T12:37:52.790385Z,2022-04-04T12:37:54.033811Z,application/octet-stream
C:\Users\Administrator\Downloads\S6Jntm3.4.exe,https://developer.lanzoug.com/file/?VTNXaVprBDVRWFdvUGVWOlZpAztVWVBkVxoDawAoA29QY1cuDWRVL1JhV3kLOlx7WmYEaAAzVDNWDgRrBz8EOFVjVzZaNARnUTRXNFA8VmZWKgNgVXlQb1dkAzIAaQM2UGlXNg1nVTNSIldxCy9cYFoyBDEAbVRkVn4EMgdvBCpVZVcyWigEYVEzVzBQYFY1VjQDY1U/UGVXMgNjAG0DYVBlVzcNZFVgUmFXNgtrXG9aYgRiADpUYlZlBGQHPwQ2VW1XMloyBH5RYld5UGFWcVZ5A3VVb1AgVzkDYQBhAzZQYlc2DWhVOFI2VycLK1w0Wm0EZAA5VGtWYAQ0B28EPFVlVzdaMARgUT5XNFAqVnlWKgNgVWZQJVdtAzQAagM2UGlXMA1nVTRSPFc4C2dce1p1BHEAKFRrVmAENAdvBD1VbVc5WjMEZFExVzVQIlYiVmUDdlU3UGNXYQM1AHIDMFBkVzQNflUwUjRXMAtxXGg=,47549672,2022-04-04T12:41:48.658003Z,2022-04-04T12:41:50.493994Z,application/octet-stream
C:\Users\Administrator\Downloads\ClashAP_adaptive-minified.lua,https://cdn.discordapp.com/attachments/960855564638892082/960855668691181578/ClashAP_adaptive-minified.lua,18075,2022-04-05T10:57:46.613803Z,2022-04-05T10:57:46.865657Z,text/plain
C:\Users\Administrator\Downloads\ClashAP_adaptive-beautified.lua,https://cdn.discordapp.com/attachments/960855564638892082/960856020639420446/ClashAP_adaptive-beautified.lua,22499,2022-04-05T10:59:04.159912Z,2022-04-05T10:59:04.319683Z,text/plain
C:\Users\Administrator\Downloads\Semirage_Main_Account_Finland_01-03-22.txt,https://cdn.discordapp.com/attachments/941206307938111508/948507728471556096/Semirage_Main_Account_Finland_01-03-22.txt,19268,2022-04-08T01:06:14.475102Z,2022-04-08T01:06:14.733274Z,text/plain
C:\Users\Administrator\Downloads\message.txt,https://cdn.discordapp.com/attachments/886861700161232906/950772984409374730/message.txt,14420,2022-04-08T01:11:13.187173Z,2022-04-08T01:11:13.362452Z,text/plain
C:\Users\Administrator\Downloads\message (1).txt,https://cdn.discordapp.com/attachments/886861700161232906/950772984409374730/message.txt,14420,2022-04-08T01:13:55.052045Z,2022-04-08T01:13:55.213214Z,text/plain
C:\Users\Administrator\Downloads\message (2).txt,https://cdn.discordapp.com/attachments/886861700161232906/950772984409374730/message.txt,14420,2022-04-08T01:17:20.131904Z,2022-04-08T01:17:20.282884Z,text/plain
C:\Users\Administrator\Downloads\Elysium-918436478235865128.lua,https://cdn.discordapp.com/attachments/961853554539253761/961855887088189470/Elysium-918436478235865128.lua,204213,2022-04-08T05:12:15.865441Z,2022-04-08T05:12:16.114972Z,text/plain
C:\Users\Administrator\Downloads\message (3).txt,https://cdn.discordapp.com/attachments/952013109793521664/952574793272684574/message.txt,15688,2022-04-08T05:15:41.200206Z,2022-04-08T05:15:41.386077Z,text/plain
C:\Users\Administrator\Downloads\message (4).txt,https://cdn.discordapp.com/attachments/952013109793521664/960301644011155566/message.txt,11080,2022-04-08T05:16:09.091452Z,2022-04-08T05:16:09.241097Z,text/plain
C:\Users\Administrator\Downloads\message (5).txt,https://cdn.discordapp.com/attachments/952013109793521664/960301644011155566/message.txt,11080,2022-04-08T05:17:16.625514Z,2022-04-08T05:17:16.76336Z,text/plain
C:\Users\Administrator\Downloads\Semirage_3.8.rar,https://cdn.discordapp.com/attachments/953524456586874880/953524627928403968/Semirage_3.8.rar,7786,2022-04-08T12:17:50.827356Z,2022-04-08T12:17:51.210085Z,application/rar
C:\Users\Administrator\Downloads\使用说明.zip,https://alidwz.cn/10tB,5610102,2022-04-09T11:40:58.383066Z,1601-01-01T00:00:00Z,application/zip
C:\Users\Administrator\Downloads\Counter-strike_Global_Offensive_2022.04.08_-_20.40.38.05.DVR_Trim.mp4,https://cdn.discordapp.com/attachments/962040444806627369/962060911298891806/Counter-strike_Global_Offensive_2022.04.08_-_20.40.38.05.DVR_Trim.mp4,13136644,2022-04-10T15:52:40.329142Z,2022-04-10T15:52:40.914053Z,video/mp4
C:\Users\Administrator\Downloads\回声第一季1-9.pdf,https://474b.com/f/31278066-482361790-abec51,341186,2022-04-11T06:56:47.659888Z,2022-04-11T06:56:52.671551Z,application/pdf
C:\Users\Administrator\Downloads\Future.lua,https://futurelua.xyz/panel,376624,2022-04-11T15:19:43.856558Z,2022-04-11T15:19:44.088378Z,application/octet-stream
C:\Users\Administrator\Downloads\steam.design_f2e730.zip,https://steam.design/raw/eyJ1cmwiOiJodHRwczovL3N0ZWFtY2RuLWEuYWthbWFpaGQubmV0L3N0ZWFtY29tbXVuaXR5L3B1YmxpYy9pbWFnZXMvaXRlbXMvMTc2ODAyMC8wZTY1YzU2Njk2MDA1ODBlYzZmODg4Y2IwZDE4YjMxZDYxMWU5ZWU1LmpwZyIsImltYWdlcyI6W3sibmFtZSI6IkFydHdvcmtfTWlkZGxlLnBuZyIsIngiOjQ5NCwieSI6MjU2LCJ3Ijo1MDYsImgiOjIwMDB9LHsibmFtZSI6IkFydHdvcmtfUmlnaHRfVG9wLnBuZyIsIngiOjEwMDksInkiOjI1NiwidyI6MTAwLCJoIjoyMDAwfSx7Im5hbWUiOiJBcnR3b3JrX0ZlYXR1cmVkLnBuZyIsIngiOjQ5NCwieSI6MjU2LCJ3Ijo2MzAsImgiOjIwMDB9LHsibmFtZSI6IkF2YXRhci5wbmciLCJ4Ijo0OTcsInkiOjM0LCJ3IjoxNjQsImgiOjE2NH1dfQ==,332508,2022-04-12T06:49:07.665226Z,2022-04-12T06:49:08.307159Z,application/zip
C:\Users\Administrator\Desktop\giphy.gif,https://giphy.com/gifs/WWWmxNiEYcWB1aOwNz,200456,2022-04-12T06:56:50.038006Z,2022-04-12T06:56:54.108506Z,image/gif
C:\Users\Administrator\Downloads\ezgif.com-gif-maker.png,https://ezgif.com/rotate/ezgif-5-261f484917.png,281,2022-04-12T07:20:47.829618Z,2022-04-12T07:20:47.962583Z,image/png
C:\Users\Administrator\Downloads\使用说明.zip,https://alidwz.cn/10tB,5610102,2022-04-12T11:44:01.585025Z,1601-01-01T00:00:00Z,application/zip
C:\Users\Administrator\Downloads\DEVOUR最新Melon多人辅助.zip,https://developer.lanzoug.com/file/?A2UFOwk4BjdTWgM7BzJTP1plV29WTQVCA1JUHQEIUgEH4QHKDtNS4AfHVrBQSVI2BDIGbAQ1BuFS8VTIBb0EvwO5BboJ6gbXU+AD3wf6U3xaelc7VnkFIQNiVDsBMVI2B1gBPw43UjsHZ1Y1UDxSZwRmBjsEawYxUnNUNAUqBDgDNwVqCWYGZlM3A2YHY1NqWiZXIlZ5BToDNlRiAW9SYQcoAWYOYFIpB2NWOFArUmAEOwZgBGkGNVJiVGoFOwRhAzoFZwlsBmVTMQNmB2ZTaloxV2pWOQUzAzFUMwFkUmAHYQFmDmpSZwdgVjBQN1J9BCQGagQrBiJSIFQhBTwEdwNqBTYJaQZjUzQDZQdhU2RaMVd0Vn0FbgNpVDcBO1JuBzYBYA5nUj8HZlY3UDdSYQRmBjUEdQYqUnNUNAU1BHIDPgVjCWIGZlM8A2IHZFNjWjVXZlYwBSEDcVQiASpSbgc2AWAOZ1I+B2VWM1A9UmQEZwYyBH0GcVI8VCIFZAQ0AzEFYgl6BmNTNAN7B2FTZlo3V3xWOwU2AzI=,48242308,2022-04-12T14:05:10.727187Z,2022-04-12T14:05:12.639754Z,application/octet-stream
C:\Users\Administrator\Desktop\34006778.jpg,http://y.qichejiashi.com/tupian/175478.html,6750,2022-04-12T16:40:09.835097Z,2022-04-12T16:40:11.414143Z,image/jpeg
C:\Users\Administrator\Downloads\7xjXrHGVDgK5.exe,https://gamesense.pub/forums/profile.php?section=premium&id=12420,7674880,2022-04-13T02:23:28.720833Z,2022-04-13T02:23:30.329994Z,application/x-dosexec
C:\Users\Administrator\Downloads\Config.rar,https://cdn.discordapp.com/attachments/950864466956914688/963519443818926101/Config.rar,70501,2022-04-13T02:31:44.660066Z,2022-04-13T02:31:44.809907Z,application/rar
C:\Users\Administrator\Desktop\giphy.gif,https://giphy.com/gifs/uu8VxChFPKehGTDvhf,66206,2022-04-13T08:30:31.06388Z,2022-04-13T08:30:32.887285Z,image/gif
C:\Users\Administrator\Downloads\fail-sync.mp4,https://cdn.discordapp.com/attachments/962234873400131594/964011061550391336/fail-sync.mp4,30339189,2022-04-14T04:27:33.536068Z,2022-04-14T04:27:34.583187Z,video/mp4
C:\Users\Administrator\Downloads\crossfire.rar,https://mega.nz/file/WMtVmSDC#0FY63D8JCnnm1JN4glCDbGd1pCUeIdWbSvVwVBT-IUc,787482,2022-04-15T04:43:00.818581Z,2022-04-15T04:43:01.01869Z,application/octet-stream
C:\Users\Administrator\Downloads\txcaptcha.apk,https://github.com/mzdluo123/TxCaptchaHelper/releases/tag/1.2,1935545,2022-04-15T13:41:29.071843Z,1601-01-01T00:00:00Z,application/octet-stream
C:\Users\Administrator\Downloads\txcaptcha (1).apk,https://maupdate.rainchan.win/txcaptcha.apk,1935545,2022-04-15T13:41:29.250122Z,2022-04-15T13:41:32.021398Z,application/octet-stream
C:\Users\Administrator\Downloads\Future (1).lua,https://futurelua.xyz/panel,375033,2022-04-15T15:18:10.218792Z,2022-04-15T15:18:10.585277Z,application/octet-stream
C:\Users\Administrator\Downloads\failsync_crack.lua,https://cdn.discordapp.com/attachments/964668757714808972/964668801335558164/failsync_crack.lua,57662,2022-04-15T23:37:49.016905Z,2022-04-15T23:37:49.172729Z,text/plain
C:\Users\Administrator\Downloads\failsync_crack (1).lua,https://cdn.discordapp.com/attachments/964668757714808972/964668801335558164/failsync_crack.lua,57662,2022-04-15T23:38:44.051371Z,2022-04-15T23:38:44.139753Z,text/plain
C:\Users\Administrator\Downloads\Install VALORANT.exe,https://playvalorant.com/zh-tw/download/,69193272,2022-04-16T00:47:07.529228Z,2022-04-16T00:47:11.213681Z,application/x-msdownload
C:\Users\Administrator\Downloads\使用说明.zip,https://hyperflick.cn/sysm/%E4%BD%BF%E7%94%A8%E8%AF%B4%E6%98%8E.zip,5610102,2022-04-16T03:59:42.628043Z,2022-04-16T04:00:28.459369Z,application/zip
C:\Users\Administrator\Downloads\使用说明 (1).zip,https://alidwz.cn/10tB,5610102,2022-04-16T04:05:00.153773Z,2022-04-16T04:05:00.294135Z,application/zip
C:\Users\Administrator\Downloads\y2mate.com - hvh highlights 3 ft gamesensepub  skeetcc FailSynclua_1080pFHR.mp4,https://www.y2mate.com/youtube/eJjNvHPJFik,90603731,2022-04-17T09:09:30.940237Z,2022-04-17T09:09:37.682902Z,video/mp4
C:\Users\Administrator\Downloads\northon_crack.lua,https://cdn.discordapp.com/attachments/964668757714808972/965013538064195604/northon_crack.lua,37013,2022-04-17T11:04:49.451928Z,2022-04-17T11:04:49.614313Z,text/plain
C:\Users\Administrator\Downloads\solace.lua,https://cdn.discordapp.com/attachments/935252104925282324/953872831639330876/solace.lua,343259,2022-04-17T12:06:55.905087Z,2022-04-17T12:06:56.125081Z,text/plain
C:\Users\Administrator\Downloads\obj_wo3DlMOGwrbDjj7DisKw_12975873189_41c2_5b20_501f_48e60b00038826f2c2c357fa5aeb756b.mp3,https://m801.music.126.net/20220417204618/75c2df1ad3a28784b76b15d42492e896/jdymusic/obj/wo3DlMOGwrbDjj7DisKw/12975873189/41c2/5b20/501f/48e60b00038826f2c2c357fa5aeb756b.mp3,2618140,2022-04-17T12:21:50.067159Z,2022-04-17T12:21:53.097404Z,audio/mpeg
C:\Users\Administrator\Downloads\pingfl.lua,https://cdn.discordapp.com/attachments/844655363843162152/965246111700893707/pingfl.lua,3563,2022-04-17T15:16:22.290285Z,2022-04-17T15:16:22.416219Z,text/plain
C:\Users\Administrator\Downloads\QQScLauncher.exe,file:///C:/Users/Public/Desktop/%E8%85%BE%E8%AE%AFQQ.lnk,59336,2022-04-18T04:37:03.539008Z,1601-01-01T00:00:00Z,application/x-msdownload
C:\Users\Administrator\Downloads\Neroh_AA.lua,https://cdn.discordapp.com/attachments/874321459013644338/881998958682050661/Neroh_AA.lua,11412,2022-04-18T10:39:40.433001Z,2022-04-18T10:39:40.665814Z,text/plain
C:\Users\Administrator\Downloads\ClownYaw.lua,https://cdn.discordapp.com/attachments/903710238488797286/906933644642385951/ClownYaw.lua,7992,2022-04-18T10:40:42.55439Z,2022-04-18T10:40:42.689958Z,text/plain
C:\Users\Administrator\Downloads\VISUAL_animated_weapons.lua,https://cdn.discordapp.com/attachments/963093739507683388/963889606422569070/VISUAL_animated_weapons.lua,7101,2022-04-19T07:18:20.671712Z,2022-04-19T07:18:20.838955Z,text/plain
C:\Users\Administrator\Downloads\y2mate.com - hvh highlights 8 ft gamesensepub  skeetcc Chernobyllua_1080pFHR.mp4,https://www.y2mate.com/youtube/9iUQ3lBEckA,120343454,2022-04-19T07:48:19.259351Z,2022-04-19T07:48:31.823268Z,video/mp4
C:\Users\Administrator\Desktop\ComposedWellwornCock-mobile.mp4,https://gfycat.com/composedwellworncock-anime-monochrome-black-and-white,163780,2022-04-19T11:20:02.510098Z,2022-04-19T11:20:06.766518Z,video/mp4
C:\Users\Administrator\Downloads\kaka.rar,https://cdn.discordapp.com/attachments/919330080268910596/966068818910773268/kaka.rar,48574,2022-04-20T18:42:04.151594Z,2022-04-20T18:42:04.312376Z,application/rar
C:\Users\Administrator\Downloads\Fail-sync_-_beta.lua,https://cdn.discordapp.com/attachments/966457746927009902/966457831144452106/Fail-sync_-_beta.lua,158058,2022-04-20T22:06:32.050528Z,2022-04-20T22:06:32.255167Z,text/plain
C:\Users\Administrator\Downloads\losecure2.lua,https://cdn.discordapp.com/attachments/954106488329232504/954108201354293358/losecure2.lua,340996,2022-04-20T22:08:22.578511Z,2022-04-20T22:08:22.757658Z,text/plain
C:\Users\Administrator\Downloads\losecure2 (1).lua,https://cdn.discordapp.com/attachments/954106488329232504/954108201354293358/losecure2.lua,340996,2022-04-20T22:13:20.251299Z,2022-04-20T22:13:20.405173Z,text/plain
C:\Users\Administrator\Downloads\losecure2 (2).lua,https://cdn.discordapp.com/attachments/954106488329232504/954108201354293358/losecure2.lua,340996,2022-04-20T22:43:59.923574Z,2022-04-20T22:44:00.128029Z,text/plain
C:\Users\Administrator\Downloads\Fail-sync_-_beta1.lua,https://cdn.discordapp.com/attachments/966457746927009902/966584521464119366/Fail-sync_-_beta1.lua,143856,2022-04-21T06:22:26.218579Z,2022-04-21T06:22:26.489741Z,text/plain
C:\Users\Administrator\Downloads\Fail-sync_-_beta1 (1).lua,https://cdn.discordapp.com/attachments/966457746927009902/966584521464119366/Fail-sync_-_beta1.lua,143856,2022-04-21T06:22:29.248664Z,2022-04-21T06:22:29.393307Z,text/plain
C:\Users\Administrator\Downloads\Future (2).lua,https://futurelua.xyz/panel,374461,2022-04-21T10:59:10.465934Z,2022-04-21T10:59:10.921824Z,application/octet-stream
C:\Users\Administrator\Downloads\Fail-sync - beta-obfuscated.lua,https://lura.ph/dashboard/obfuscate,1417714,2022-04-21T16:01:06.174712Z,2022-04-21T16:01:06.362208Z,text/x-lua
C:\Users\Administrator\Downloads\Fail-sync - beta-obfuscated (1).lua,https://lura.ph/dashboard/obfuscate,694056,2022-04-21T16:02:07.935658Z,2022-04-21T16:02:08.105526Z,text/x-lua
C:\Users\Administrator\Downloads\loader (1).lua,https://cdn.discordapp.com/attachments/961964797325373460/966579815022993448/loader.lua,340996,2022-04-21T16:17:02.995335Z,2022-04-21T16:17:03.339049Z,text/plain
C:\Users\Administrator\Downloads\loader (2).lua,https://cdn.discordapp.com/attachments/961964797325373460/966579815022993448/loader.lua,340996,2022-04-21T16:27:10.527026Z,2022-04-21T16:27:10.705088Z,text/plain
C:\Users\Administrator\Downloads\loader.lua,https://cdn.discordapp.com/attachments/961964797325373460/966579815022993448/loader.lua,340996,2022-04-21T16:27:15.245263Z,2022-04-21T16:27:15.38375Z,text/plain
C:\Users\Administrator\Downloads\loader (1).lua,https://cdn.discordapp.com/attachments/961964797325373460/966579815022993448/loader.lua,340996,2022-04-21T16:34:55.806923Z,2022-04-21T16:34:56.100945Z,text/plain
C:\Users\Administrator\Downloads\loader.lua,https://cdn.discordapp.com/attachments/961964797325373460/966579815022993448/loader.lua,340996,2022-04-21T16:35:00.54449Z,2022-04-21T16:35:00.73036Z,text/plain
C:\Users\Administrator\Downloads\loader (1).lua,https://cdn.discordapp.com/attachments/961964797325373460/966579815022993448/loader.lua,340996,2022-04-21T18:20:51.850428Z,2022-04-21T18:20:52.056298Z,text/plain
C:\Users\Administrator\Downloads\loader.lua,https://cdn.discordapp.com/attachments/961964797325373460/966579815022993448/loader.lua,340996,2022-04-21T18:20:56.464364Z,2022-04-21T18:20:56.603094Z,text/plain
C:\Users\Administrator\Downloads\loader (1).lua,https://cdn.discordapp.com/attachments/961964797325373460/966579815022993448/loader.lua,340996,2022-04-21T18:22:56.873462Z,2022-04-21T18:22:57.077929Z,text/plain
C:\Users\Administrator\Downloads\loader.lua,https://cdn.discordapp.com/attachments/961964797325373460/966579815022993448/loader.lua,340996,2022-04-21T18:24:54.275628Z,2022-04-21T18:24:54.4379Z,text/plain
C:\Users\Administrator\Downloads\loader.lua,https://cdn.discordapp.com/attachments/961964797325373460/966579815022993448/loader.lua,340996,2022-04-21T19:12:48.134435Z,2022-04-21T19:12:48.349996Z,text/plain
C:\Users\Administrator\Downloads\cvcheatpro.7z,https://cvcheat.net/index.php/s/skak8AswZ6syJnx,1002433901,2022-04-22T08:36:14.573221Z,1601-01-01T00:00:00Z,application/x-7z-compressed
C:\Users\Administrator\Downloads\cvcpro.exe,https://cvcheat.net/index.php/s/skak8AswZ6syJnx,41703424,2022-04-22T08:37:18.021316Z,2022-04-22T08:37:23.092143Z,application/x-ms-dos-executable
C:\Users\Administrator\Downloads\cvcheatpro.7z,https://cvcheat.net/index.php/s/skak8AswZ6syJnx,1002433901,2022-04-22T08:38:05.90666Z,2022-04-22T08:39:25.272207Z,application/x-7z-compressed
C:\Users\Administrator\Downloads\cvcheatmini.7z,https://cvcheat.net/index.php/s/jBZJBZRgBDXfFQc,132654434,2022-04-22T08:57:32.644554Z,2022-04-22T08:57:43.476703Z,application/x-7z-compressed
C:\Users\Administrator\Downloads\cvcmini.exe,https://cvcheat.net/index.php/s/jBZJBZRgBDXfFQc,41401856,2022-04-22T08:57:41.527173Z,2022-04-22T08:57:45.36183Z,application/x-ms-dos-executable
C:\Users\Administrator\Downloads\cvcmini (1).exe,https://cvcheat.net/index.php/s/jBZJBZRgBDXfFQc,41852416,2022-04-22T08:58:41.405612Z,2022-04-22T08:58:47.991786Z,application/x-ms-dos-executable
