Title,Url,VisitCount,LastVisitTime
Microsoft Edge,https://microsoftedgewelcome.microsoft.com/zh-cn/get-started?int=00&exp=e81&focus=performance&form=MT005W,3,2022-03-08T15:29:58.886531Z
百度一下，你就知道,https://www.baidu.com/,2,2022-03-08T15:37:36.656298Z
Microsoft Edge,https://go.microsoft.com/fwlink/?linkid=2132659,1,2022-03-08T15:29:56.318947Z
Microsoft Edge,https://microsoftedgewelcome.microsoft.com/zh-cn/,1,2022-03-08T15:29:56.318947Z
Microsoft Edge,https://microsoftedgewelcome.microsoft.com/,1,2022-03-08T15:29:56.318947Z
测速网_百度搜索,https://www.baidu.com/s?ie=utf-8&f=3&rsv_bp=1&rsv_idx=1&tn=baidu&wd=%E6%B5%8B%E9%80%9F%E7%BD%91&fenlei=256&rsv_pq=e19b1c7e001b4ebd&rsv_t=362bzrm39peGtpaYHj345e%2FlU0YXcFzYWY8B51plndr1YzGM55deq8Xq%2FpA&rqlang=cn&rsv_enter=1&rsv_dl=ts_0&rsv_sug3=7&rsv_sug1=3&rsv_sug7=100&rsv_sug2=1&rsv_btype=i&prefixsug=cesuw&rsp=0&inputT=3633&rsv_sug4=3633,1,2022-03-08T15:30:06.26683Z
"测速网 - 专业网速测试, 宽带提速, 游戏测速, 直播测速, 5G测速, 物联网监测 - SpeedTest.cn",https://www.baidu.com/link?url=cNVAEAT7Q0WoyjAOayyFe8g0H2c-S49b_KiyO5H24CljFkMclXbgt3-qNzyA-pUL&wd=&eqid=d7f1b10d000b51a6000000026227767e,1,2022-03-08T15:30:09.81438Z
"测速网 - 专业网速测试, 宽带提速, 游戏测速, 直播测速, 5G测速, 物联网监测 - SpeedTest.cn",https://www.speedtest.cn/,1,2022-03-08T15:30:10.061687Z
谷歌浏览器_百度搜索,https://www.baidu.com/s?ie=utf-8&f=8&rsv_bp=1&rsv_idx=1&tn=baidu&wd=%E8%B0%B7%E6%AD%8C%E6%B5%8F%E8%A7%88%E5%99%A8&fenlei=256&rsv_pq=db8face20003db06&rsv_t=f7adkGy39GOt9%2FVpUUHvvhLmtLETdhJR9mpshGUny5wtfwHeRHXcQA2%2BA2k&rqlang=cn&rsv_enter=1&rsv_dl=tb&rsv_sug3=17&rsv_sug1=20&rsv_sug7=100&rsv_sug2=0&rsv_btype=i&inputT=4122&rsv_sug4=4122,1,2022-03-08T15:37:41.604745Z
浏览器电脑版下载，浏览器中文版下载,http://www.baidu.com/baidu.php?url=K60000avpXkFvm7207_tAM4cCJOAPj1EtznDjZ8_RMLAuKw05MExU8SZ8yGaEFyFA9wcf_nSrHOaSrjWT2-vqYemVCKXab9VG3KhQv8AakyiJ-2Yqx1RxtX6gsiflIqpy-fza7w3FRsamD-TUfhIReyQ0pgCyrDzJEr7rkOQrZYZ-buhpz77Lo61WYtn8OkurJLDwpJsoYPbKBAWEH9PgyAWWchw.7Y_ifdHrYGtCxu7NsRXiKi_nYQZH834Pz6.U1Yk0ZDq8TB3lriEsnjAqsKspynqn0KY5UMc8rWbotj0kET0pyYqnWcd0ATqTZFB0ZNG5yF9pywd0ZKGujYknsKWpyfqn10d0AdY5HDsnHIxnH0krNtznjRkg1nvnjD0pvbqn0KzIjYznjT0mhbqnHR3g1csP7tdnjn0UynqnHbkrHbkPHc4n7tknjD4g1csPH7xn0KkTA-b5H00TyPGujYs0ZFMIA7M5H00mycqn7ts0ANzu1Ys0ZKs5H00UMus5H08nj0snj0snj00Ugws5H00uAwETjYs0ZFJ5HD0uANv5gKW0AuY5H00TA6qn0KET1Ys0AFL5HDs0A4Y5H00TLCq0A71gv-bm1dsTzdBuAw30A-bm1dcfbR0TA9YXHY0IA7zuvNY5Hm1g1KxP1Rs0ZwdT1YzPH6kPjTdnHRvP1TvPWmdrjbk0ZF-TgfqnHmYPWTdn16vnHmdn0K1pyfqmHn1n1TYPWTsnj7bPhc1u0KWTvYqwDwjrRwjfWwDwbD1Pj6Yf6K9m1Yk0ZK85H00TydY5H00Tyd15H00XMfqn0KVmdqhThqV5HKxn7tsg100uA78IyF-gLK_my4GuZnqn7tsg1Kxn0Ksmgwxuhk9u1Ys0AwWpyfqn0K-IA-b5iYk0A71TAPW5H00IgKGUhPW5H00Tydh5H00uhPdIjYs0A-1mvsqn0K9uAu_myTqnfK_uhnqn0KbmvPb5fKYTh7buHYs0AFbpyfqn1RvnbmLf10Yf1c4wDc1PYcsPjKAPjc3wHm4wbcvnYc0mMfqn0KEmgwL5H00ULfqn0KETMKY5H0WnanWnansc10Wna3snj0snj0Wnansc10WQinsQW0snj0snankQW0snjDsn0KkgLmqna34PNtsQW0sg108njKxna3Yn7tsQWcvg1D8njKxna3sndts0AF1gLKzUvwGujYs0ZFEpyu_myTqn0KWIWY0pgPxmLK95H00mL0qn0K-TLfqn0KWThnqnHnsPHb&us=newvui&word=&ck=719.11.86.222.184.384.200.977&shh=www.baidu.com&sht=baidu&wd=&bc=110101,1,2022-03-08T15:37:43.875354Z
浏览器电脑版下载，浏览器中文版下载,https://www.baidu.com/baidu.php?url=K60000avpXkFvm7207_tAM4cCJOAPj1EtznDjZ8_RMLAuKw05MExU8SZ8yGaEFyFA9wcf_nSrHOaSrjWT2-vqYemVCKXab9VG3KhQv8AakyiJ-2Yqx1RxtX6gsiflIqpy-fza7w3FRsamD-TUfhIReyQ0pgCyrDzJEr7rkOQrZYZ-buhpz77Lo61WYtn8OkurJLDwpJsoYPbKBAWEH9PgyAWWchw.7Y_ifdHrYGtCxu7NsRXiKi_nYQZH834Pz6.U1Yk0ZDq8TB3lriEsnjAqsKspynqn0KY5UMc8rWbotj0kET0pyYqnWcd0ATqTZFB0ZNG5yF9pywd0ZKGujYknsKWpyfqn10d0AdY5HDsnHIxnH0krNtznjRkg1nvnjD0pvbqn0KzIjYznjT0mhbqnHR3g1csP7tdnjn0UynqnHbkrHbkPHc4n7tknjD4g1csPH7xn0KkTA-b5H00TyPGujYs0ZFMIA7M5H00mycqn7ts0ANzu1Ys0ZKs5H00UMus5H08nj0snj0snj00Ugws5H00uAwETjYs0ZFJ5HD0uANv5gKW0AuY5H00TA6qn0KET1Ys0AFL5HDs0A4Y5H00TLCq0A71gv-bm1dsTzdBuAw30A-bm1dcfbR0TA9YXHY0IA7zuvNY5Hm1g1KxP1Rs0ZwdT1YzPH6kPjTdnHRvP1TvPWmdrjbk0ZF-TgfqnHmYPWTdn16vnHmdn0K1pyfqmHn1n1TYPWTsnj7bPhc1u0KWTvYqwDwjrRwjfWwDwbD1Pj6Yf6K9m1Yk0ZK85H00TydY5H00Tyd15H00XMfqn0KVmdqhThqV5HKxn7tsg100uA78IyF-gLK_my4GuZnqn7tsg1Kxn0Ksmgwxuhk9u1Ys0AwWpyfqn0K-IA-b5iYk0A71TAPW5H00IgKGUhPW5H00Tydh5H00uhPdIjYs0A-1mvsqn0K9uAu_myTqnfK_uhnqn0KbmvPb5fKYTh7buHYs0AFbpyfqn1RvnbmLf10Yf1c4wDc1PYcsPjKAPjc3wHm4wbcvnYc0mMfqn0KEmgwL5H00ULfqn0KETMKY5H0WnanWnansc10Wna3snj0snj0Wnansc10WQinsQW0snj0snankQW0snjDsn0KkgLmqna34PNtsQW0sg108njKxna3Yn7tsQWcvg1D8njKxna3sndts0AF1gLKzUvwGujYs0ZFEpyu_myTqn0KWIWY0pgPxmLK95H00mL0qn0K-TLfqn0KWThnqnHnsPHb&us=newvui&word=&ck=719.11.86.222.184.384.200.977&shh=www.baidu.com&sht=baidu&wd=&bc=110101,1,2022-03-08T15:37:43.875354Z
浏览器电脑版下载，浏览器中文版下载,http://chrome.cqnhwl.cn/,1,2022-03-08T15:37:44.078619Z
浏览器电脑版下载，浏览器中文版下载,http://chrome.cqnhwl.cn/browser.html,1,2022-03-08T15:37:44.18009Z
Google Chrome 网络浏览器,https://www.baidu.com/link?url=6JA9-A-UT3kmslX1Ba5uTPcE9QdIPZcAUol_LFjYBMph4wneurVCIYV_rfHq5ezydbbPgAT3FSXTIHwCIPdsGa&wd=&eqid=a3337467001d6b3d0000000262277845,1,2022-03-08T15:37:47.887984Z
Google Chrome 网络浏览器,https://www.google.cn/chrome/index.html,1,2022-03-08T15:37:48.133869Z
Google Chrome 网络浏览器,https://www.google.cn/chrome/thank-you.html?statcb=1&installdataindex=empty&defaultbrowser=0,1,2022-03-08T15:37:52.061367Z
搜狗输入法 - 搜索,https://www.bing.com/search?q=%E6%90%9C%E7%8B%97%E8%BE%93%E5%85%A5%E6%B3%95&cvid=1950647e1dcc43b193c0d24c9dab5753&aqs=edge..69i57j69i60l3.1498j0j1&pglt=2083&FORM=ANSPA1&PC=U531,1,2022-03-08T15:39:58.57397Z
搜狗输入法 - 搜索,https://cn.bing.com/search?q=%E6%90%9C%E7%8B%97%E8%BE%93%E5%85%A5%E6%B3%95&cvid=1950647e1dcc43b193c0d24c9dab5753&aqs=edge..69i57j69i60l3.1498j0j1&pglt=2083&FORM=ANSPA1&PC=U531,1,2022-03-08T15:39:58.57397Z
搜狗输入法 - 首页,https://pinyin.sogou.com/,1,2022-03-08T15:39:59.586501Z
在 windows 中获取“文件资源管理器”的帮助 - 搜索,https://go.microsoft.com/fwlink/?LinkId=528884,1,2022-03-25T11:09:38.690716Z
在 windows 中获取“文件资源管理器”的帮助 - 搜索,https://www.bing.com/search?q=%e5%9c%a8+windows+%e4%b8%ad%e8%8e%b7%e5%8f%96%e2%80%9c%e6%96%87%e4%bb%b6%e8%b5%84%e6%ba%90%e7%ae%a1%e7%90%86%e5%99%a8%e2%80%9d%e7%9a%84%e5%b8%ae%e5%8a%a9&filters=guid:%224026535-zh-hans-dia%22%20lang:%22zh-hans%22&form=S00028,1,2022-03-25T11:09:38.690716Z
在 windows 中获取“文件资源管理器”的帮助 - 搜索,https://cn.bing.com/search?q=%E5%9C%A8+windows+%E4%B8%AD%E8%8E%B7%E5%8F%96%E2%80%9C%E6%96%87%E4%BB%B6%E8%B5%84%E6%BA%90%E7%AE%A1%E7%90%86%E5%99%A8%E2%80%9D%E7%9A%84%E5%B8%AE%E5%8A%A9&filters=guid:%224026535-zh-hans-dia%22%20lang:%22zh-hans%22&form=S00028,1,2022-03-25T11:09:38.690716Z
